sort,n,rounds,time_ns,time_ci_ns,compares,compares_ci,moves,moves_ci,session_s,status,cycles,cycles_ci,instructions,instructions_ci,branch_misses,branch_misses_ci,l1d_replacements,l1d_replacements_ci,l2_misses,l2_misses_ci,l3_misses,l3_misses_ci
quick,1024,225,55219.0,5469.87,14855.0,22.3522,7150.45,3.14921,2.8,converged,200341.0,451.042,249152.0,177.1,5771.13,4.67492,66.0986,0.212505,57.7261,1.08815,0.202542,0.22909
quicki,1024,108,64089.8,704.444,14864.7,43.3535,7149.6,5.8313,1.0,converged,235672.0,1482.08,329238.0,316.593,5635.04,8.9191,69.9607,1.00282,60.3,3.83892,0.238713,0.131592
bfs,1024,50,66210.8,1208.99,14863.8,379.62,7151.29,8.90941,0.4,converged,242538.0,1436.22,345718.0,2778.18,5733.7,12.0392,76.7306,2.63643,81.5443,24.7251,0.26552,0.160122
merge,1024,50,70988.5,5165.79,10240.0,0.0,20480.0,0.0,0.4,converged,263908.0,16957.3,464754.0,18.183,5194.13,447.245,85.4456,2.68229,67.6831,4.13567,0.18302,0.159285
heap,1024,50,67211.7,690.811,28704.6,5.52278,14445.6,2.76954,0.4,converged,245070.0,282.221,296993.0,55.1157,5832.7,6.48993,69.0238,0.720775,50.5544,4.01693,0.24802,0.280843
shell,1024,52,99583.8,1169.69,36324.8,10.9577,68239.8,10.9577,0.5,converged,371543.0,1365.68,740637.0,173.808,4794.81,7.93636,67.6196,1.05496,47.6521,3.36092,0.717519,1.54724
min,1024,83,280902.0,1946.66,524799.0,0.0,3049.88,1.079,0.6,converged,1021140.0,1474.97,2930940.0,49.1689,7962.34,20.0999,71.0557,1.80652,51.8524,5.53542,0.325301,0.300405
bubble,1024,50,564814.0,5813.03,522816.0,238.27,786415.0,4011.3,0.4,converged,2045930.0,5786.93,6294000.0,9416.66,24292.9,146.602,68.735,5.44295,50.71,10.69,0.685,2.93123
shaker,1024,50,724583.0,9752.68,397827.0,2104.43,785408.0,4611.22,0.4,converged,2652200.0,11047.6,7005250.0,37632.3,30342.4,223.592,69.695,6.25927,49.77,8.43098,0.275,0.662112
insertion,1024,133,201454.0,1327.08,263177.0,393.256,263177.0,393.256,1.3,converged,749515.0,1401.0,3426380.0,5112.43,1030.16,0.316671,68.218,0.456047,51.4121,4.93232,0.241541,0.276501
binsert,1024,102,95869.8,617.306,8826.82,0.923014,262880.0,379.754,1.0,converged,357818.0,398.699,640013.0,667.687,7254.77,3.99242,65.9494,0.195958,55.5968,2.85481,0.101922,0.0668707
quick,2048,278,114245.0,676.225,32541.4,59.2275,15722.4,8.9201,3.6,converged,430014.0,1562.43,535193.0,460.46,12396.9,10.5791,135.109,1.90082,130.514,2.15711,0.716468,0.957402
quicki,2048,50,135082.0,2351.5,32479.5,161.429,15728.2,25.1671,0.4,converged,498017.0,2435.41,693299.0,996.669,12127.8,35.4249,141.425,11.7261,118.5,10.1385,0.32868,0.228772
bfs,2048,100,139559.0,1322.8,32557.4,132.907,15722.3,19.1934,0.9,converged,514445.0,1788.79,727472.0,956.989,12258.1,23.3511,203.362,6.2735,181.908,7.7686,0.56999,0.733102
merge,2048,185,149941.0,2342.09,22528.0,0.0,45056.0,0.0,1.9,converged,569085.0,30414.9,971529.0,11.9668,11501.7,803.673,336.37,17.8811,197.448,20.0613,1.18782,0.564391
heap,2048,200,145311.0,1022.7,63541.8,5.36186,30940.2,2.51243,1.8,converged,536329.0,720.369,656349.0,54.3981,12631.9,5.67233,144.897,3.65924,106.329,5.57108,0.55249,0.569745
shell,2048,70,235007.0,2913.0,87087.7,12.5965,164161.0,12.5965,0.8,converged,871884.0,1811.22,1778650.0,213.093,10745.6,10.9831,143.578,6.389,115.567,6.96797,0.666929,0.644598
min,2048,100,1013230.0,7388.43,2098180.0,0.0,6120.26,2.16627,0.7,converged,3650240.0,1799.33,11630600.0,187.834,17082.8,51.3912,141.645,9.03071,95.84,10.0776,0.29,0.4225
bubble,2048,50,2133420.0,12642.1,2094320.0,933.204,3142530.0,31840.5,0.2,converged,7594660.0,24594.5,25166700.0,63450.4,73399.5,698.961,257.5,21.8364,392.9,36.1053,17.14,5.57397
shaker,2048,50,2800390.0,20248.1,1580630.0,11299.9,3136280.0,25906.3,0.3,converged,10005000.0,60343.1,27854200.0,205096.0,97997.1,1400.83,288.28,21.236,400.66,29.3057,20.88,5.3453
insertion,2048,248,796358.0,7872.16,1049770.0,1989.3,1049770.0,1989.3,2.4,converged,2945470.0,9353.36,13657300.0,25861.2,2060.06,0.755437,159.248,10.0115,108.713,9.06102,1.78125,2.65011
binsert,2048,50,278977.0,2755.85,19695.8,3.06032,1050780.0,4340.89,0.4,converged,1018090.0,2105.5,2229880.0,7626.4,15743.3,14.0898,138.343,2.08717,102.99,9.92996,0.145,0.241048
quick,4096,92,250854.0,7031.99,70653.4,298.123,34294.3,41.967,0.9,converged,922721.0,5109.01,1143420.0,2779.37,26523.2,66.5132,286.119,4.73693,263.688,28.0415,0.447,0.309406
quicki,4096,365,280777.0,2005.29,70809.5,187.036,34281.5,22.9021,3.6,converged,1052570.0,5885.68,1459190.0,1337.05,25873.5,34.6584,302.986,8.56752,258.366,6.32741,0.52089,0.146245
bfs,4096,100,297476.0,2486.11,70784.9,359.948,34295.8,42.2808,0.8,converged,1089760.0,3253.62,1527530.0,2565.19,26093.8,62.1248,1311.75,8.4787,532.96,22.6126,0.75,0.374546
merge,4096,150,324616.0,16130.7,49152.0,0.0,98304.0,0.0,1.5,converged,1206690.0,53596.2,2025770.0,31.6551,25151.0,1420.59,1497.38,11.3441,490.115,22.6297,1.55417,0.503318
heap,4096,200,313565.0,2202.56,139361.0,10.2612,65976.6,4.87977,1.8,converged,1161610.0,1090.15,1437540.0,103.972,27085.4,13.8372,330.513,9.32581,227.535,10.0262,0.748125,0.892975
shell,4096,50,554282.0,6334.58,204032.0,69.2552,385618.0,69.2552,0.4,converged,2010370.0,2777.87,4173750.0,1133.13,23758.7,87.9509,349.0,17.0896,207.4,16.9161,1.185,1.77244
min,4096,91,3816950.0,24705.0,8390660.0,0.0,12261.3,3.58134,0.6,converged,13686700.0,36537.2,46333400.0,395.456,36328.9,140.157,726.385,152.993,640.231,69.4594,18.6264,6.00637
bubble,4096,51,9153990.0,61621.0,8382310.0,1757.64,12575900.0,67530.2,0.6,converged,33715900.0,132688.0,100658000.0,139921.0,413876.0,5714.36,1068.39,103.633,678.02,70.1247,14.7255,4.93361
shaker,4096,50,11239800.0,102515.0,6342650.0,36955.1,12626000.0,82320.2,0.7,converged,41478000.0,213513.0,111891000.0,634219.0,441719.0,6463.98,1967.84,1100.94,989.2,347.226,34.46,9.80474
insertion,4096,50,3243660.0,28543.9,4195100.0,32919.1,4195100.0,32919.1,0.3,converged,11654800.0,88327.7,54557600.0,427948.0,4153.44,15.7471,584.76,40.5446,561.26,44.7525,16.02,5.5361
binsert,4096,50,851487.0,8131.42,43480.9,6.35812,4196630.0,9255.0,0.5,converged,3155510.0,7656.98,8187860.0,16259.0,33575.5,30.0442,315.125,13.7087,213.645,17.0905,0.395,0.442973
quick,8192,50,537193.0,8097.11,152508.0,1336.48,74304.6,172.06,0.4,converged,1968850.0,10364.1,2433570.0,10321.8,56496.9,266.624,718.885,30.941,474.995,38.1417,0.88,1.25374
quicki,8192,50,609570.0,10039.4,153038.0,1437.05,74267.3,169.495,0.4,converged,2234930.0,28548.5,3062380.0,10295.9,54949.2,257.103,771.76,28.5783,595.67,36.7719,1.27,1.81994
bfs,8192,50,642815.0,15909.3,152646.0,1430.56,74265.8,170.2,0.4,converged,2324760.0,36315.8,3198200.0,10247.4,55297.2,226.774,8417.62,98.9881,1473.54,95.2487,1.605,0.754699
merge,8192,224,863848.0,85272.8,106496.0,0.0,212992.0,0.0,2.1,converged,3136860.0,282648.0,4210400.0,1084.42,69639.4,7219.79,5220.55,41.5902,1672.31,156.485,5.34933,2.79237
heap,8192,50,680527.0,8652.18,303300.0,35.1112,140155.0,16.4874,0.4,converged,2506330.0,3276.46,3124990.0,350.256,57842.2,76.7224,1683.98,81.1329,492.205,44.4546,1.11,1.22949
shell,8192,106,1264290.0,10899.7,468645.0,119.336,887512.0,119.336,0.8,converged,4562110.0,4629.26,9599040.0,2019.39,52123.4,108.672,3151.6,148.682,516.491,37.1326,1.73585,1.40852
min,8192,50,14165400.0,59378.5,33558500.0,0.0,24546.8,4.87243,0.8,converged,52659500.0,14353.6,184946000.0,879.027,77708.7,471.487,4644.06,165.123,1234.22,134.553,22.78,7.44443
bubble,8192,120,53051400.0,272701.0,33541700.0,2877.11,50320800.0,118796.0,6.8,converged,199092000.0,775746.0,402647000.0,234917.0,4119200.0,25227.3,39877.4,1651.96,2251.78,440.425,37.7917,8.5823
shaker,8192,300,51267400.0,851465.0,25259000.0,42565.8,50357600.0,91141.3,16.7,converged,191877000.0,934274.0,445741000.0,739528.0,2886490.0,10100.1,23816.8,4040.12,1874.5,151.869,132.497,374.203
insertion,8192,800,12638400.0,289968.0,16785600.0,17244.5,16785600.0,17244.5,15.7,converged,46750100.0,647942.0,218255000.0,224178.0,8263.0,9.04545,3873.69,762.16,1243.13,86.7326,105.466,178.679
binsert,8192,50,2980550.0,18407.2,95150.8,19.7051,16799800.0,20247.1,0.3,converged,10661400.0,27069.9,31211400.0,35261.4,71103.0,143.133,1729.96,258.498,1033.78,73.5994,25.02,5.6039
quick,16384,50,1150620.0,17601.7,328499.0,4676.97,159789.0,824.07,0.4,converged,4174120.0,32186.8,5167760.0,35518.7,119392.0,1162.77,3008.52,251.547,1041.04,78.8938,1.69,2.13129
quicki,16384,219,1319980.0,19987.9,328798.0,1917.0,159828.0,243.517,1.8,converged,4808820.0,45658.1,6411350.0,13540.4,116294.0,371.851,3077.21,116.608,1274.55,47.3937,3.34932,1.55142
bfs,16384,100,1405700.0,18065.0,328740.0,3156.91,159825.0,370.033,0.8,converged,4946960.0,41876.2,6692820.0,22683.8,116818.0,524.413,24210.6,181.404,4795.53,674.467,5.675,2.86812
merge,16384,54,2327450.0,232365.0,229376.0,0.0,458752.0,0.0,0.3,converged,8200290.0,784101.0,8741200.0,1912.22,191409.0,20575.5,13873.4,105.084,8023.1,496.304,52.9815,15.9725
heap,16384,50,1484410.0,10676.8,655719.0,102.463,296677.0,46.1798,0.4,converged,5434660.0,8352.22,6749400.0,1038.56,123425.0,375.208,28710.2,299.091,1680.98,534.857,2.43,2.2363
shell,16384,79,2854460.0,25326.3,1060260.0,406.761,2011030.0,406.761,0.5,converged,10221200.0,11713.9,21740100.0,6580.6,113764.0,321.402,72074.6,54.3327,2974.67,1516.71,17.8481,3.75358
min,16384,77,54810600.0,92280.3,134226000.0,0.0,49119.5,4.2114,4.5,converged,206314000.0,81036.8,739002000.0,1163.41,164682.0,450.593,6042730.0,868.86,26327.8,80191.6,45.039,63.0507
bubble,16384,50,284593000.0,5993950.0,134190000.0,14170.9,201157000.0,1201170.0,14.4,converged,1068000000.0,3658890.0,1610290000.0,2396990.0,27338100.0,108665.0,6044750.0,66347.7,64064.1,104637.0,132.8,122.058
shaker,16384,53,242066000.0,5938290.0,100944000.0,467703.0,201450000.0,787108.0,13.0,converged,907557000.0,2961600.0,1781670000.0,7387880.0,17531400.0,78740.9,2263620.0,9855.34,41022.5,38054.8,105.604,87.4167
insertion,16384,50,49245700.0,186869.0,67138300.0,219191.0,67138300.0,219191.0,2.6,converged,185138000.0,600657.0,872881000.0,2849490.0,16474.1,31.8671,1559060.0,18203.1,4453.94,2984.81,61.62,23.3557
binsert,16384,50,10376600.0,63761.6,206680.0,25.0867,67021600.0,215271.0,0.7,converged,38410500.0,108205.0,121156000.0,376638.0,150366.0,208.84,1559650.0,15705.2,5728.68,8451.8,43.68,11.5151
quick,32768,100,2492140.0,21770.2,700614.0,7598.79,342639.0,764.876,0.6,converged,8934640.0,51664.6,10914300.0,59523.7,252570.0,1170.55,8704.12,459.026,4185.31,253.082,23.49,5.65865
quicki,32768,77,2930890.0,64644.6,702708.0,9951.18,342397.0,1032.79,0.5,converged,10476400.0,201672.0,13397500.0,71799.5,244830.0,2545.05,8873.83,490.754,5101.09,251.194,67.1039,12.7879
bfs,32768,50,3149140.0,83481.3,705641.0,13454.3,341926.0,1530.52,0.3,converged,10871900.0,273619.0,13988900.0,94836.7,244531.0,2143.0,52996.2,850.476,22835.0,4578.51,68.7,12.4874
merge,32768,118,4070720.0,164729.0,491520.0,0.0,983040.0,0.0,0.9,converged,14382600.0,564621.0,18121400.0,251.613,330340.0,14988.4,34753.0,89.3657,21898.2,430.972,99.4576,8.64157
heap,32768,66,3277700.0,27835.8,1409640.0,176.567,626092.0,73.9733,0.4,converged,11767900.0,26596.2,14497900.0,1779.9,263472.0,312.35,120400.0,461.627,16276.8,7810.31,81.9545,64.0323
shell,32768,77,6193470.0,43128.4,2367440.0,1030.42,4495470.0,1030.42,0.8,converged,22669700.0,27113.9,48581100.0,17447.2,247397.0,831.198,179761.0,61.3973,25353.1,23500.5,35.8571,27.534
min,32768,50,216239000.0,204991.0,536887000.0,0.0,98271.0,5.21321,11.0,converged,816167000.0,130254.0,2954420000.0,2928.99,351217.0,1215.51,31227600.0,553.373,876341.0,886548.0,63.42,40.3786
bubble,32768,50,1306690000.0,12107100.0,536820000.0,18913.5,804961000.0,1529600.0,65.5,converged,4914190000.0,12382300.0,6441820000.0,3051950.0,135651000.0,227351.0,31197900.0,77844.9,2235530.0,3933240.0,545.66,463.567
shaker,32768,50,1063380000.0,11272500.0,403062000.0,874570.0,805276000.0,1882450.0,53.4,converged,3998200000.0,10032600.0,7118300000.0,16248600.0,85962900.0,265839.0,17114500.0,29160.2,1141740.0,2614670.0,255.66,159.336
insertion,32768,100,196297000.0,395268.0,268582000.0,408015.0,268582000.0,408015.0,20.0,converged,739913000.0,1144590.0,3491730000.0,5304200.0,32903.6,24.7397,12586000.0,32874.3,321642.0,242465.0,216.25,94.0335
binsert,32768,200,39064100.0,1525300.0,446111.0,19.8453,268603000.0,264356.0,8.7,converged,145411000.0,1026550.0,478284000.0,462607.0,318945.0,151.418,12755200.0,20545.2,137484.0,190374.0,97.66,28.566
quick,65536,150,5059350.0,40929.9,1493250.0,10679.3,730350.0,1045.8,1.4,converged,18486300.0,51327.6,23015800.0,82259.5,529654.0,1658.16,22960.5,682.413,11701.1,463.946,48.8919,46.698
quicki,65536,65,5702350.0,70889.3,1498620.0,20818.4,729923.0,2158.34,0.6,converged,20872400.0,184397.0,27958600.0,149934.0,514603.0,3189.53,23178.9,1333.05,13641.1,860.709,99.8308,16.9211
bfs,65536,50,6062450.0,65993.0,1491210.0,29058.5,730863.0,6253.97,0.5,converged,21433500.0,127380.0,29067900.0,206812.0,516663.0,4056.02,111719.0,1798.48,95482.6,5604.04,142.8,53.3923
merge,65536,53,7138550.0,237665.0,1048580.0,0.0,2097150.0,0.0,0.6,converged,25554200.0,759640.0,37517600.0,513.703,579130.0,20058.7,84242.5,185.913,57646.0,1052.25,189.264,49.0927
heap,65536,94,6849930.0,31971.8,3015890.0,171.461,1317730.0,105.003,1.0,converged,25371900.0,30336.5,30993800.0,1732.68,558462.0,511.915,388152.0,707.196,103221.0,11368.4,279.021,127.326
shell,65536,99,13376900.0,48591.3,5228930.0,1168.01,9937070.0,1168.01,1.7,converged,49810400.0,39323.4,107369000.0,19974.2,535719.0,938.672,432848.0,226.135,259250.0,17992.5,42.0505,9.35598
min,65536,100,863708000.0,5519540.0,2147520000.0,0.0,196574.0,3.61286,86.9,converged,3249670000.0,3110360.0,11814500000.0,3725.1,749533.0,1317.48,131961000.0,1524.33,42826700.0,27295700.0,297.7,109.885
bubble,65536,228,5522620000.0,4450240.0,2147380000.0,19692.4,3221990000.0,2303080.0,1260.5,converged,20776900000.0,12369800.0,25771400000.0,4612980.0,589959000.0,451545.0,132002000.0,33553.6,44389100.0,5749340.0,4196.64,1585.64
shaker,65536,280,4348420000.0,3700620.0,1611680000.0,932556.0,3221380000.0,1888610.0,1219.3,converged,16353100000.0,9015900.0,28466400000.0,15585200.0,359393000.0,285668.0,84546600.0,44672.5,18020800.0,7058250.0,2867.06,1010.01
insertion,65536,50,786575000.0,9835870.0,1073780000.0,1563800.0,1073780000.0,1563800.0,39.6,converged,2957300000.0,5627670.0,13959400000.0,20329400.0,65757.9,56.9233,61398100.0,110021.0,8508600.0,5235790.0,1007.52,593.264
binsert,65536,107,149628000.0,1599670.0,957729.0,38.6913,1073500000.0,961568.0,16.5,converged,563490000.0,6876970.0,1896070000.0,1682860.0,675438.0,809.105,62111700.0,66484.6,7141300.0,5814240.0,327.991,175.793
quick,131072,200,10398100.0,582504.0,3167880.0,21964.5,1551750.0,2530.06,3.3,converged,38415000.0,127432.0,48387400.0,167374.0,1110470.0,4033.65,56779.2,1366.59,36394.6,1404.84,150.333,93.6336
quicki,131072,220,11325700.0,43716.3,3176180.0,22880.7,1551110.0,2423.3,3.9,converged,42385900.0,97829.6,58197400.0,164278.0,1079310.0,3969.34,57227.8,1472.09,37908.4,1507.64,248.936,99.2473
bfs,131072,50,12455200.0,137063.0,3184790.0,40174.8,1550330.0,4755.37,0.9,converged,44651800.0,288720.0,60607400.0,287591.0,1081050.0,4946.34,236685.0,2564.61,284774.0,2860.14,363.24,98.8552
merge,131072,50,13820100.0,201358.0,2228220.0,0.0,4456450.0,0.0,1.0,converged,49757500.0,632690.0,77565200.0,1736.7,1127570.0,14281.2,196366.0,370.352,150932.0,1813.23,1143.54,349.672
heap,131072,55,14700000.0,42902.0,6425010.0,601.454,2766550.0,296.634,1.1,converged,55177800.0,101741.0,65984600.0,6077.98,1181450.0,867.766,1011080.0,2165.54,502195.0,35459.6,769.564,123.918
shell,131072,50,29061200.0,178872.0,11458800.0,6116.67,21786000.0,6116.67,1.7,converged,108886000.0,187135.0,235393000.0,103900.0,1158620.0,4106.26,1020850.0,351.225,949035.0,8589.48,440.34,713.942
quick,262144,72,21294500.0,78596.1,6714990.0,85246.1,3284760.0,8769.66,2.0,converged,80266200.0,258819.0,101621000.0,683236.0,2322810.0,13772.9,136809.0,4444.74,99815.5,6392.74,307.375,88.7754
quicki,262144,50,23365300.0,136596.0,6682530.0,74803.2,3286230.0,9857.35,1.5,converged,87905000.0,304445.0,120750000.0,519212.0,2260770.0,16317.0,134524.0,4642.86,100012.0,6528.92,623.82,487.488
bfs,262144,50,25634200.0,182583.0,6725220.0,105397.0,3286450.0,11513.4,1.6,converged,93027400.0,317535.0,125852000.0,760191.0,2264940.0,16927.8,495880.0,6605.15,631948.0,8211.98,1775.16,2462.04
merge,262144,113,28532600.0,118836.0,4718590.0,0.0,9437180.0,0.0,4.1,converged,102942000.0,87372.0,160218000.0,623.493,2356350.0,1993.93,453000.0,313.66,374037.0,2421.4,12963.9,3656.71
heap,262144,51,31991100.0,256998.0,13636700.0,440.246,5795290.0,209.936,2.0,converged,120131000.0,275522.0,139966000.0,4543.67,2492240.0,1090.0,2489040.0,3758.13,1756770.0,122147.0,2313.02,653.718
shell,262144,100,62480700.0,245711.0,24819200.0,8842.63,47205600.0,8842.63,7.0,converged,235251000.0,320708.0,510086000.0,150305.0,2482200.0,5240.77,2345110.0,1597.19,2400060.0,9448.46,850.62,1042.14
quick,524288,53,44522400.0,195137.0,14163600.0,218123.0,6931070.0,24301.5,2.8,converged,167752000.0,612045.0,212745000.0,1675120.0,4851060.0,37640.4,319037.0,13672.7,256126.0,18167.3,3760.3,8145.17
quicki,524288,50,48415400.0,237563.0,14198100.0,214565.0,6924370.0,25138.1,2.9,converged,182494000.0,693209.0,251446000.0,1507400.0,4701560.0,39132.4,319460.0,13486.8,262196.0,15438.6,4096.72,2679.8
bfs,524288,118,53112100.0,219341.0,14119800.0,132392.0,6935890.0,14099.2,7.4,converged,193696000.0,604240.0,260564000.0,942855.0,4728560.0,22439.7,1034380.0,8511.62,1333160.0,10990.7,15703.2,13590.6
merge,524288,100,60603900.0,3331340.0,9961470.0,0.0,19922900.0,0.0,7.0,converged,215636000.0,1483430.0,330636000.0,1150.5,4981050.0,34180.3,1020310.0,1451.42,888269.0,7426.7,113352.0,22412.4
heap,524288,50,68628300.0,185050.0,28846400.0,675.024,12115100.0,330.742,3.9,converged,258795000.0,331307.0,295924000.0,6817.35,5242330.0,3282.91,5969310.0,9611.34,5338520.0,120117.0,10955.1,2019.8
shell,524288,50,133708000.0,209661.0,53296600.0,32803.7,101348000.0,32803.7,7.1,converged,504794000.0,499353.0,1095540000.0,558276.0,5320830.0,12993.7,5278320.0,5629.51,5536320.0,25736.6,4181.48,3895.26
quick,1048576,50,92858600.0,367461.0,29716700.0,356699.0,14598200.0,31056.0,5.3,converged,349992000.0,1099690.0,443808000.0,2771430.0,10121200.0,51247.3,724407.0,22039.9,626024.0,30136.6,56366.6,16197.2
quicki,1048576,150,100226000.0,260561.0,29780800.0,239509.0,14585900.0,25559.8,17.1,converged,379052000.0,771401.0,520847000.0,1707280.0,9810130.0,39966.3,725332.0,14920.5,633774.0,19227.9,54369.2,35322.8
bfs,1048576,50,110685000.0,473181.0,29735500.0,396724.0,14588800.0,32670.2,6.2,converged,404600000.0,1721620.0,540023000.0,2803580.0,9823850.0,72091.0,2166840.0,24526.5,2805790.0,32129.2,461823.0,24772.3
merge,1048576,100,125773000.0,3200070.0,20971500.0,0.0,41943000.0,0.0,13.9,converged,450106000.0,1418240.0,681694000.0,2308.82,10469700.0,32463.9,2279720.0,1308.27,2069520.0,10515.6,490156.0,26608.5
heap,1048576,67,149050000.0,4515010.0,60838500.0,859.735,25278700.0,410.5,10.9,converged,557665000.0,736659.0,623829000.0,8649.75,10996300.0,2222.49,14089800.0,21829.8,15137400.0,227011.0,157723.0,17397.4
shell,1048576,77,285045000.0,4107640.0,111883000.0,48265.7,212363000.0,48265.7,22.9,converged,1070200000.0,1815880.0,2299050000.0,821171.0,11454200.0,22449.7,11483100.0,15736.9,12192400.0,20210.2,630753.0,173722.0
quick,2097152,100,193194000.0,557298.0,62336400.0,538856.0,30645900.0,58985.6,21.4,converged,728757000.0,1730460.0,925428000.0,4195970.0,21034000.0,93035.0,1629210.0,33718.3,1491680.0,43493.3,464182.0,28148.0
quicki,2097152,50,210438000.0,7649580.0,62324000.0,756918.0,30637700.0,80243.2,11.5,converged,786559000.0,3009450.0,1077470000.0,5384180.0,20417900.0,134541.0,1622460.0,47204.7,1493860.0,60471.7,481590.0,146651.0
bfs,2097152,100,236005000.0,2560290.0,62489700.0,454859.0,30639500.0,49860.0,25.6,converged,862153000.0,2951440.0,1118320000.0,3239600.0,20464200.0,87809.7,4535860.0,28674.8,5888820.0,37983.1,4164200.0,60040.4
merge,2097152,50,262473000.0,7180120.0,44040200.0,0.0,88080400.0,0.0,14.2,converged,939029000.0,4155510.0,1405180000.0,5132.98,21998300.0,91799.9,5053680.0,7587.27,4769010.0,33379.3,1604260.0,265550.0
heap,2097152,50,336603000.0,7495500.0,127968000.0,1517.23,52654500.0,611.075,17.8,converged,1261380000.0,14300900.0,1311620000.0,15787.2,22934000.0,11401.7,32880200.0,34349.7,39657800.0,425133.0,3196520.0,494145.0
shell,2097152,50,604415000.0,8139620.0,230832000.0,165512.0,436169000.0,165512.0,31.2,converged,2272110000.0,4856500.0,4738630000.0,2814330.0,24674100.0,53045.1,24278000.0,12409.5,26148300.0,42371.1,11891800.0,727391.0
quick,4194304,50,403405000.0,7513150.0,130941000.0,1203400.0,64167400.0,161675.0,21.9,converged,1516630000.0,5337030.0,1930670000.0,10042900.0,43652900.0,203456.0,3649250.0,95502.0,3492690.0,97214.1,1703350.0,119378.0
quicki,4194304,50,434180000.0,6895140.0,130934000.0,1585820.0,64171100.0,145397.0,23.5,converged,1630770000.0,3900650.0,2232250000.0,11425900.0,42422300.0,305124.0,3639390.0,99275.6,3502470.0,131449.0,1717900.0,138100.0
bfs,4194304,50,494753000.0,6923790.0,130488000.0,1331560.0,64189900.0,145788.0,26.5,converged,1807800000.0,4303360.0,2308850000.0,9449840.0,42460500.0,224262.0,9424330.0,83566.2,12253500.0,110369.0,12594300.0,191059.0
merge,4194304,50,544170000.0,8985930.0,92274700.0,0.0,184549000.0,0.0,29.0,converged,1954470000.0,4214910.0,2893970000.0,1533.24,46050600.0,95162.5,11114900.0,6122.29,10802600.0,60094.3,4628080.0,122213.0
heap,4194304,50,821805000.0,11207700.0,268519000.0,1695.38,109503000.0,831.874,42.9,converged,3080680000.0,10266000.0,2751160000.0,17447.9,47495600.0,19156.6,78788000.0,59053.6,103518000.0,1047430.0,24954900.0,649218.0
shell,4194304,50,1268170000.0,13791200.0,474478000.0,498907.0,889530000.0,498907.0,65.2,converged,4761480000.0,3558080.0,9717400000.0,8480330.0,53161900.0,70744.0,50698000.0,44669.9,55114100.0,15107.1,38858800.0,513021.0
