build,pad,address,sort,n,rounds,time_ns,time_ci_ns,compares,compares_ci,moves,moves_ci,session_s,status,cycles,cycles_ci,instructions,instructions_ci,branch_misses,branch_misses_ci,l1d_replacements,l1d_replacements_ci,l2_misses,l2_misses_ci,l3_misses,l3_misses_ci
plain,0,0x1c70,bubble,1024,100,567953.0,4631.49,522797.0,210.353,785439.0,3675.51,0.7,converged,2047310.0,3404.42,6291870.0,7690.8,24283.7,113.728,67.0075,3.67528,47.4475,6.84088,0.41,0.622297
plain,0,0x1d80,min,1024,108,281008.0,2498.48,524799.0,0.0,3049.17,0.98545,0.8,converged,1020460.0,903.975,2930940.0,16.5641,7957.64,16.9012,70.1123,1.50981,49.0961,3.90478,0.215278,0.173339
plain,0,0x1f00,insertion,1024,150,201041.0,1478.63,263139.0,446.185,263139.0,446.185,1.5,converged,749442.0,1654.73,3425890.0,5800.31,1030.24,0.317176,68.11,0.480522,51.6875,2.99216,0.337927,0.414874
plain,0,0x2620,shell,1024,100,99524.5,567.318,36327.0,4.85786,68242.0,4.85786,1.0,converged,371139.0,430.397,740675.0,78.5006,4798.5,5.37406,67.2562,0.55255,47.7244,1.99505,0.22588,0.113075
plain,0,0x2340,quick,1024,100,53690.5,391.722,14842.7,29.3678,7151.98,4.34189,1.2,converged,200501.0,665.396,249063.0,230.928,5773.65,6.23883,66.1769,0.306335,58.79,1.89052,0.19578,0.220343
plain,0,0x31e0,bfs,1024,58,66333.1,985.989,14826.1,66.5446,7155.22,10.4776,0.5,converged,243290.0,2053.85,345454.0,472.762,5733.47,12.0164,76.5113,1.81349,83.7144,4.5238,0.244034,0.149414
plain,0,0x2430,merge,1024,330,69876.3,1932.35,10240.0,0.0,20480.0,0.0,3.8,converged,273919.0,39954.6,464754.0,4.88751,5455.27,1051.16,87.1725,2.33305,69.0735,1.87851,0.255912,0.0641204
plain,0,0x2b70,heap,1024,100,66893.9,767.908,28704.7,3.61387,14445.6,1.76722,0.8,converged,245234.0,358.697,296994.0,36.3473,5832.29,4.45306,68.8463,0.75252,51.2135,2.84621,0.11524,0.0849061
plain,0,0x1c70,bubble,8192,87,52896300.0,217356.0,33542400.0,2858.56,50394300.0,154012.0,4.9,converged,198908000.0,762471.0,402800000.0,315448.0,4109770.0,31166.7,39913.0,2336.59,2099.23,694.731,23.4368,22.9533
plain,0,0x1d80,min,8192,100,14150000.0,50239.0,33558500.0,0.0,24547.0,3.32943,1.7,converged,52658500.0,19379.7,184946000.0,751.901,77613.0,283.901,4766.28,213.259,1219.71,104.195,13.39,3.61339
plain,0,0x1f00,insertion,8192,50,12486200.0,60447.6,16799700.0,103736.0,16799700.0,103736.0,0.8,converged,46443400.0,265048.0,218438000.0,1348560.0,8258.6,6.82325,3329.1,127.51,1163.82,98.5355,19.12,17.7724
plain,0,0x2620,shell,8192,50,1269170.0,9336.95,468605.0,187.542,887472.0,187.542,0.3,converged,4562180.0,6421.66,9598290.0,3197.31,52102.0,173.989,3128.88,75.0075,527.8,60.9386,3.49,1.57397
plain,0,0x2340,quick,8192,106,541848.0,5080.46,153123.0,1077.51,74210.6,123.334,0.8,converged,1968710.0,7617.9,2437980.0,8354.01,56381.2,154.711,730.521,19.625,484.488,26.4917,1.73349,2.98697
plain,0,0x31e0,bfs,8192,50,637943.0,8437.63,153063.0,1394.25,74226.6,148.619,0.4,converged,2313050.0,18082.2,3201150.0,10009.2,55364.9,267.392,8425.85,59.3364,1393.89,99.2368,2.45,1.58156
plain,0,0x2430,merge,8192,190,830270.0,66037.1,106496.0,0.0,212992.0,0.0,1.8,converged,3026210.0,286590.0,4210710.0,861.116,67105.8,7583.87,5211.74,27.6498,1626.67,143.225,3.52237,1.55708
plain,0,0x2b70,heap,8192,50,682644.0,7816.82,303271.0,38.3736,140138.0,18.4437,0.4,converged,2510880.0,9805.94,3124700.0,382.039,57853.6,86.1421,1761.72,154.754,539.235,72.19,1.845,1.84603
plain,16,0x1c80,bubble,1024,50,832818.0,13752.7,522898.0,227.616,786079.0,4351.33,0.5,converged,3067720.0,19260.8,6294100.0,8970.55,65346.6,719.4,75.315,9.66788,53.565,12.5449,0.34,0.56822
plain,16,0x1d90,min,1024,50,248526.0,3524.29,524799.0,0.0,3049.5,0.922693,0.4,converged,907307.0,3858.45,2930950.0,62.5813,7824.09,21.1183,70.3637,1.37943,54.8787,7.2086,0.15876,0.183619
plain,16,0x1f10,insertion,1024,50,201904.0,1738.17,262522.0,682.595,262522.0,682.595,0.5,converged,755159.0,1964.03,3417870.0,8874.09,1030.74,0.570712,68.055,0.86084,51.1238,3.21288,0.14128,0.167736
plain,16,0x2630,shell,1024,82,72742.3,624.274,36325.3,5.57869,68240.3,5.57869,0.7,converged,268794.0,830.36,740651.0,90.7007,4807.07,7.88429,66.9356,0.759998,47.3456,2.37776,0.142841,0.162156
plain,16,0x2350,quick,1024,100,51853.2,343.677,14842.9,25.8512,7152.58,5.20499,1.1,converged,194225.0,211.091,249077.0,196.511,5729.79,7.37336,66.0395,0.235927,59.0142,1.36695,0.10121,0.0602274
plain,16,0x31f0,bfs,1024,50,63575.2,1057.24,14854.5,50.7584,7152.66,13.0684,0.5,converged,232755.0,3004.65,345656.0,350.89,5781.26,13.9369,76.5985,5.65423,83.3256,9.50235,0.38058,0.646085
plain,16,0x2440,merge,1024,50,70190.9,5642.12,10240.0,0.0,20480.0,0.0,0.4,converged,260615.0,18615.2,464753.0,9.68378,5068.05,479.849,86.0588,3.00358,68.71,4.63867,0.46744,1.22183
plain,16,0x2b80,heap,1024,62,56599.9,492.027,28705.9,3.03757,14446.1,2.3934,0.7,converged,212235.0,284.156,297004.0,30.7706,6065.84,10.0767,67.498,0.708327,58.3647,1.57813,0.110565,0.0678494
plain,16,0x1c80,bubble,8192,50,59964600.0,227224.0,33543200.0,3720.35,50283400.0,210054.0,3.2,converged,225403000.0,708365.0,402586000.0,409917.0,5312630.0,25979.5,41381.5,5396.69,2842.96,1954.61,30.38,25.1845
plain,16,0x1d90,min,8192,51,12583300.0,73352.0,33558500.0,0.0,24545.1,4.30224,0.8,converged,46842700.0,97153.8,184946000.0,1148.94,76334.0,353.8,5739.75,201.041,1527.31,176.242,19.1569,6.19514
plain,16,0x1f10,insertion,8192,150,12898300.0,1286580.0,16782100.0,40550.7,16782100.0,40550.7,2.5,converged,47612100.0,4244610.0,218209000.0,527158.0,8263.11,7.15568,3695.76,439.245,1234.59,178.572,30.74,12.2892
plain,16,0x2630,shell,8192,75,874044.0,6891.94,468649.0,81.7969,887516.0,81.7969,0.7,converged,3253750.0,5400.71,9598990.0,1381.76,52361.2,108.671,2886.03,32.3077,496.873,36.474,2.80333,6.42323
plain,16,0x2350,quick,8192,100,529469.0,6945.13,153036.0,1156.87,74234.0,113.915,0.8,converged,1916880.0,55105.3,2437350.0,9098.68,55880.4,197.73,727.543,44.0349,499.377,30.7526,1.11375,0.985786
plain,16,0x31f0,bfs,8192,57,613117.0,11761.6,153168.0,1172.11,74243.7,139.803,0.5,converged,2214140.0,34254.6,3202160.0,8528.79,55885.2,222.348,8428.47,68.2267,1587.16,127.738,2.31579,1.36556
plain,16,0x2440,merge,8192,76,725676.0,71826.3,106496.0,0.0,212992.0,0.0,0.7,converged,2662020.0,240954.0,4212090.0,944.53,57108.5,6214.53,5184.44,30.4409,1692.11,158.353,2.66118,1.03525
plain,16,0x2b80,heap,8192,100,577656.0,6817.0,303273.0,29.238,140143.0,14.1702,0.8,converged,2107030.0,4508.58,3124710.0,294.323,58738.0,56.7334,2547.47,129.576,506.845,31.0465,0.77,0.651055
plain,32,0x1c90,bubble,1024,120,568646.0,5424.47,522803.0,233.65,786349.0,3184.65,0.9,converged,2070570.0,12066.8,6293750.0,6856.61,25013.8,450.299,63.8438,3.33832,49.3292,5.99322,0.470833,1.28298
plain,32,0x1da0,min,1024,50,279147.0,2782.24,524799.0,0.0,3049.25,1.69255,0.4,converged,1015960.0,1103.25,2930940.0,61.0034,7808.14,26.6418,69.8225,2.32324,51.285,6.38018,0.46,1.04602
plain,32,0x1f20,insertion,1024,100,202688.0,1586.39,262682.0,523.898,262682.0,523.898,1.0,converged,748124.0,1405.47,3419950.0,6810.63,1031.84,0.724463,68.5787,0.784628,56.8794,4.16068,0.43248,0.506431
plain,32,0x2640,shell,1024,100,98342.3,755.617,36327.3,5.59996,68242.3,5.59996,1.0,converged,364449.0,199.865,740686.0,87.6763,4806.76,5.65044,67.1537,0.183201,47.4075,1.7835,0.28838,0.589248
plain,32,0x2360,quick,1024,165,54031.5,268.04,14851.9,22.2615,7151.13,3.2244,2.0,converged,201940.0,158.106,249134.0,172.653,5821.91,4.17641,66.435,0.287178,60.3288,2.02563,0.170297,0.0973273
plain,32,0x3200,bfs,1024,100,66778.9,716.14,14845.9,42.6715,7154.19,6.16783,0.8,converged,243165.0,1674.54,345603.0,316.473,5731.37,7.84753,78.93,1.47097,89.4509,7.22268,0.31996,0.166962
plain,32,0x2450,merge,1024,50,79869.8,1513.74,10240.0,0.0,20480.0,0.0,0.5,converged,295393.0,4368.84,464747.0,11.885,5031.93,109.904,88.3819,2.60936,76.19,6.81015,0.22934,0.27126
plain,32,0x2b90,heap,1024,100,67638.4,608.539,28705.2,3.83465,14445.9,1.82742,0.8,converged,248147.0,133.243,297001.0,38.8133,5845.26,3.61843,69.08,0.498716,51.8221,3.75671,0.14961,0.150795
plain,32,0x1c90,bubble,8192,50,53992000.0,287536.0,33539800.0,10209.6,50256300.0,178518.0,2.9,converged,202764000.0,869806.0,402501000.0,342719.0,4267560.0,42067.8,41280.8,8036.17,2426.86,1292.41,56.92,146.802
plain,32,0x1da0,min,8192,102,14147300.0,60795.2,33558500.0,0.0,24547.5,3.60046,1.8,converged,52632300.0,55561.5,184946000.0,705.128,76285.7,203.254,4919.86,467.415,1428.1,356.66,16.5294,5.40062
plain,32,0x1f20,insertion,8192,63,12499700.0,77119.3,16809500.0,69618.5,16809500.0,69618.5,1.0,converged,46478400.0,212603.0,218565000.0,905042.0,8257.19,4.75639,3715.81,781.272,1295.32,205.146,19.2381,5.76483
plain,32,0x2640,shell,8192,138,1241100.0,9017.3,468598.0,103.798,887465.0,103.798,1.0,converged,4491560.0,7708.08,9598220.0,1731.97,52277.4,101.051,3144.96,96.2568,507.841,61.4918,1.85507,1.44735
plain,32,0x2360,quick,8192,57,542490.0,7283.24,152837.0,1239.91,74271.1,131.092,0.4,converged,1978740.0,10992.8,2435650.0,12798.7,56733.9,200.805,733.18,29.2295,485.623,48.7315,2.34211,3.53323
plain,32,0x3200,bfs,8192,60,637924.0,11331.8,152803.0,1443.5,74275.3,195.104,0.5,converged,2317470.0,24086.1,3199540.0,10036.3,55409.9,247.52,8422.99,100.702,1470.96,100.497,2.1375,3.53877
plain,32,0x2450,merge,8192,63,988309.0,97386.7,106496.0,0.0,212992.0,0.0,0.5,converged,3573820.0,319753.0,4209060.0,1608.36,70616.2,8227.89,5228.51,60.3557,1789.09,276.872,3.36905,1.30645
plain,32,0x2b90,heap,8192,100,686176.0,5616.49,303278.0,27.6211,140146.0,12.9341,0.9,converged,2532680.0,2610.21,3124760.0,275.091,57742.5,33.7308,1142.61,34.0244,502.192,22.6827,0.85,0.678912
plain,48,0x1ca0,bubble,1024,51,793046.0,6808.84,522879.0,215.505,785913.0,3312.32,0.4,converged,2930060.0,18731.3,6293600.0,7356.84,56029.3,530.309,69.7598,7.74828,50.5441,9.3441,0.112745,0.123604
plain,48,0x1db0,min,1024,50,243540.0,3735.14,524799.0,0.0,3049.11,1.09726,0.5,converged,897255.0,3092.76,2930920.0,65.6127,7760.35,21.3212,68.8987,0.912151,52.275,3.86799,0.0487,0.0547988
plain,48,0x1f30,insertion,1024,243,202810.0,2878.38,262840.0,334.805,262840.0,334.805,2.8,converged,761439.0,5299.96,3422000.0,4352.42,1036.06,0.354434,68.568,0.772843,57.6857,13.8975,3.66072,14.2782
plain,48,0x2650,shell,1024,50,73281.2,768.333,36325.1,9.64264,68240.1,9.64264,0.4,converged,269994.0,490.931,740652.0,149.38,4847.54,15.6684,67.2312,0.465265,49.6813,3.9808,0.12242,0.121857
plain,48,0x2370,quick,1024,52,52250.8,548.172,14840.0,47.3614,7152.78,5.9551,0.6,converged,195345.0,429.074,249054.0,366.925,5747.32,10.3072,66.0728,0.758172,60.3615,7.40237,0.271673,0.207975
plain,48,0x3210,bfs,1024,162,63420.3,784.46,14843.7,32.9713,7154.0,4.80198,1.6,converged,232863.0,1553.25,345581.0,239.434,5816.26,6.56028,76.0906,2.47256,82.4148,2.90192,0.320488,0.343788
plain,48,0x2460,merge,1024,250,70823.8,3823.6,10240.0,0.0,20480.0,0.0,2.7,converged,260848.0,11714.1,464748.0,5.39971,5191.2,305.839,87.9629,1.71519,75.7935,3.41035,0.4131,0.150712
plain,48,0x2ba0,heap,1024,50,57525.2,642.09,28705.1,3.49508,14445.8,1.65183,0.6,converged,214019.0,695.932,296996.0,35.1371,6092.27,7.58711,68.4919,1.35184,60.9932,2.54047,0.50498,0.811606
plain,48,0x1ca0,bubble,8192,75,59526900.0,228539.0,33540700.0,4564.42,50309300.0,165445.0,4.7,converged,223148000.0,621264.0,402615000.0,361616.0,5008570.0,32158.2,40629.7,2173.06,2603.93,1275.51,22.56,6.74353
plain,48,0x1db0,min,8192,98,12530000.0,39498.0,33558500.0,0.0,24546.5,3.27743,1.5,converged,46744600.0,75509.5,184946000.0,747.427,75547.9,255.369,5527.58,2144.45,1338.71,142.983,16.1224,6.71464
plain,48,0x1f30,insertion,8192,60,12491000.0,77006.7,16791000.0,63205.2,16791000.0,63205.2,0.9,converged,46518500.0,180423.0,218324000.0,821669.0,8257.6,6.74944,3284.4,115.81,1165.62,240.084,14.8333,5.9884
plain,48,0x2650,shell,8192,250,876082.0,5774.49,468596.0,58.3297,887463.0,58.3297,2.7,converged,3262800.0,3137.36,9598150.0,983.059,52612.3,84.6055,2871.87,46.9985,492.77,33.055,1.897,2.65008
plain,48,0x2370,quick,8192,100,530015.0,6556.9,153230.0,1050.91,74222.3,115.074,0.8,converged,1932200.0,10129.9,2439030.0,8038.32,56026.6,180.922,727.165,24.4228,470.368,24.3871,0.6975,0.582483
plain,48,0x3210,bfs,8192,72,613091.0,10756.2,152627.0,1314.85,74262.4,165.614,0.6,converged,2222420.0,29004.6,3198010.0,9172.24,56267.1,217.65,8412.76,52.9099,1439.45,93.9306,1.89583,1.07082
plain,48,0x2460,merge,8192,115,888426.0,86765.4,106496.0,0.0,212992.0,0.0,0.9,converged,3212120.0,290850.0,4209630.0,1203.43,72724.9,7619.94,5234.15,52.9883,1755.14,179.657,2.34783,1.28891
plain,48,0x2ba0,heap,8192,50,582422.0,11047.4,303271.0,40.4286,140140.0,20.4115,0.4,converged,2123480.0,16312.7,3124690.0,414.368,58829.6,60.9091,2525.03,304.632,513.235,95.1807,2.34,6.67333
plain,64,0x1cb0,bubble,1024,53,569536.0,5053.34,522965.0,251.227,786724.0,3903.61,0.4,converged,2049240.0,5999.3,6296010.0,7394.87,24333.4,151.931,66.2736,5.25413,48.7075,8.30511,0.301887,0.636883
plain,64,0x1dc0,min,1024,360,277767.0,1422.19,524799.0,0.0,3049.41,0.567289,3.4,converged,1020700.0,8635.87,2930930.0,25.8454,7895.12,9.3967,70.1031,0.655908,47.8135,2.05816,0.263889,0.151374
plain,64,0x1f40,insertion,1024,50,202271.0,2310.14,262908.0,858.037,262908.0,858.037,0.5,converged,748441.0,2400.89,3422890.0,11154.7,1030.24,0.522965,67.6062,0.648356,48.0587,4.51589,0.13248,0.157655
plain,64,0x2660,shell,1024,65,100042.0,1708.43,36324.7,5.57165,68239.7,5.57165,0.7,converged,371947.0,352.139,740637.0,87.1374,4831.91,6.32204,67.5371,0.619908,47.5302,2.57296,0.237015,0.199248
plain,64,0x2380,quick,1024,150,53711.1,369.684,14857.9,25.8631,7151.54,3.98117,1.8,converged,200667.0,443.319,249187.0,206.191,5785.06,5.81269,66.3829,0.516787,59.4632,1.37534,0.26244,0.31039
plain,64,0x3220,bfs,1024,50,66093.5,645.707,14845.2,55.4896,7151.99,10.0815,0.4,converged,242336.0,1000.26,345576.0,408.982,5743.65,13.7704,75.728,1.53483,82.2582,8.16084,0.23244,0.18906
plain,64,0x2470,merge,1024,50,72834.3,7214.3,10240.0,0.0,20480.0,0.0,0.4,converged,268367.0,24530.4,464745.0,11.6251,5317.58,646.265,87.3194,4.75198,70.5755,8.69567,0.4337,0.48177
plain,64,0x2bb0,heap,1024,363,65726.1,393.691,28704.9,1.82355,14445.8,0.868678,3.7,converged,244488.0,160.742,296998.0,18.5222,5799.56,2.11842,68.7817,0.407998,51.8758,1.40659,0.251697,0.147822
plain,64,0x1cb0,bubble,8192,51,52933300.0,277816.0,33542500.0,4852.36,50369800.0,299884.0,2.9,converged,198767000.0,973347.0,402752000.0,627661.0,4107930.0,36221.5,38746.5,966.323,2119.75,400.113,28.0196,24.0535
plain,64,0x1dc0,min,8192,100,14153600.0,48972.1,33558500.0,0.0,24548.1,2.65777,1.7,converged,52649400.0,30610.8,184947000.0,649.664,76788.3,247.728,4980.9,727.769,1382.89,165.575,19.31,4.10351
plain,64,0x1f40,insertion,8192,50,12464400.0,90200.6,16771500.0,89287.5,16771500.0,89287.5,0.8,converged,46376600.0,251675.0,218072000.0,1160730.0,8256.42,8.74331,3440.94,318.002,1213.58,129.627,19.14,15.0842
plain,64,0x2660,shell,8192,60,1263650.0,10513.0,468705.0,144.376,887572.0,144.376,0.4,converged,4576200.0,4144.03,9600010.0,2792.77,52675.0,134.544,3101.57,79.1139,514.017,62.7591,2.30833,3.27905
plain,64,0x2380,quick,8192,50,536154.0,8524.15,153128.0,1431.5,74199.8,164.755,0.4,converged,1961510.0,28355.5,2437710.0,11228.7,56432.0,249.098,721.575,25.0714,477.445,35.6065,1.175,1.54578
plain,64,0x3220,bfs,8192,100,633250.0,6677.31,152638.0,1051.35,74279.1,125.613,0.9,converged,2311340.0,11481.5,3198260.0,7388.12,55382.9,184.464,8410.36,41.5796,1443.37,121.1,1.2225,0.597257
plain,64,0x2470,merge,8192,126,852811.0,84393.2,106496.0,0.0,212992.0,0.0,1.1,converged,3098480.0,278078.0,4210280.0,1115.69,69041.5,7324.59,5197.96,35.9839,1628.27,177.947,3.5377,1.14466
plain,64,0x2bb0,heap,8192,103,680817.0,5324.43,303286.0,30.4945,140146.0,14.2066,0.9,converged,2502620.0,2389.24,3124840.0,335.299,57661.1,37.7025,1654.2,46.3739,497.813,26.9321,1.72573,2.6697
plain,80,0x1cc0,bubble,1024,50,832737.0,8933.76,522922.0,301.83,785358.0,4990.4,0.4,converged,3070870.0,20737.5,6292880.0,9110.46,65512.8,835.612,70.05,4.49914,46.21,8.96592,0.14,0.184181
plain,80,0x1dd0,min,1024,114,252550.0,3097.47,524799.0,0.0,3049.38,0.894739,1.0,converged,911799.0,5860.09,2930910.0,40.7484,7986.34,17.0774,71.0538,1.53607,54.1667,4.99723,0.720395,1.04323
plain,80,0x1f50,insertion,1024,50,203915.0,1780.44,262909.0,777.479,262909.0,777.479,0.5,converged,756294.0,2074.22,3422910.0,10107.9,1029.96,0.540732,68.0475,0.888297,51.2962,4.48824,0.24252,0.379969
plain,80,0x2670,shell,1024,116,72910.2,603.703,36326.1,4.84223,68241.1,4.84223,1.0,converged,268440.0,373.527,740660.0,76.9613,4796.24,4.78772,67.1525,0.416591,49.6751,2.1687,0.210836,0.129077
plain,80,0x2390,quick,1024,171,52798.0,953.628,14850.4,26.1205,7150.51,3.97624,2.1,converged,194954.0,724.633,249111.0,200.394,5733.66,5.61206,66.4206,0.336533,58.4944,1.61859,0.286439,0.200294
plain,80,0x3230,bfs,1024,100,63374.6,899.716,14855.6,43.524,7151.63,5.75812,1.0,converged,232501.0,1835.49,345653.0,308.172,5787.48,6.37228,76.6586,2.37431,83.4981,3.37039,0.31391,0.301591
plain,80,0x2480,merge,1024,61,72827.2,7254.45,10240.0,0.0,20480.0,0.0,0.6,converged,269191.0,25779.1,464753.0,11.2496,5269.92,664.982,89.8177,7.57012,74.9923,9.21968,0.30323,0.221155
plain,80,0x2bc0,heap,1024,50,57237.4,795.957,28706.1,4.43237,14446.2,1.97224,0.6,converged,213180.0,317.646,297006.0,44.0863,6116.59,9.40176,67.5563,0.742375,59.0025,3.14756,0.2203,0.238865
plain,80,0x1cc0,bubble,8192,50,59829300.0,304154.0,33540300.0,6512.33,50286700.0,180294.0,3.1,converged,224999000.0,930222.0,402566000.0,346419.0,5295790.0,31308.9,39901.1,2845.73,2051.58,438.558,25.64,15.1987
plain,80,0x1dd0,min,8192,50,12580400.0,84389.2,33558500.0,0.0,24546.9,5.0071,0.8,converged,46850000.0,91819.4,184946000.0,1141.33,78033.4,367.922,5578.62,3067.43,1318.14,243.363,16.1,21.3642
plain,80,0x1f50,insertion,8192,50,12504300.0,107689.0,16787700.0,70251.0,16787700.0,70251.0,0.8,converged,46516200.0,234466.0,218282000.0,913264.0,8258.46,6.95873,4105.84,877.718,1359.28,193.537,22.1,15.9139
plain,80,0x2670,shell,8192,50,874156.0,8373.29,468581.0,131.611,887448.0,131.611,0.5,converged,3248450.0,5664.11,9597910.0,2202.3,52101.8,125.553,2877.84,86.3507,501.48,58.6855,4.0,10.2567
plain,80,0x2390,quick,8192,50,526143.0,6186.22,152282.0,1154.29,74288.7,150.85,0.4,converged,1915520.0,12944.1,2431590.0,8869.47,56029.5,215.345,713.06,98.1046,473.755,37.485,0.515,0.653016
plain,80,0x3230,bfs,8192,150,613058.0,8935.87,152691.0,822.599,74262.5,100.438,1.3,converged,2192880.0,11806.5,3198530.0,5798.84,55984.1,142.651,8421.7,53.0858,1590.98,123.193,5.71802,5.62607
plain,80,0x2480,merge,8192,100,721016.0,64311.7,106496.0,0.0,212992.0,0.0,0.9,converged,2637380.0,208332.0,4212130.0,784.103,56466.3,5336.33,5197.11,67.6089,1682.92,141.534,4.3725,3.33342
plain,80,0x2bc0,heap,8192,264,574345.0,3686.33,303276.0,19.1122,140143.0,9.05311,2.4,converged,2108640.0,1493.14,3124730.0,193.928,58848.6,31.4079,2610.59,91.6762,497.64,32.0823,1.38258,1.28619
plain,96,0x1cd0,bubble,1024,50,573346.0,6517.95,522791.0,251.584,786282.0,4899.96,0.4,converged,2070480.0,5277.83,6293500.0,10511.7,24956.4,177.521,70.42,6.80875,58.93,12.3378,0.245,0.43679
plain,96,0x1de0,min,1024,144,280186.0,2434.37,524799.0,0.0,3049.59,0.839248,1.2,converged,1015900.0,803.5,2930940.0,41.3788,7788.43,12.5647,70.2882,1.14801,52.092,3.30427,0.290799,0.408974
plain,96,0x1f60,insertion,1024,50,202010.0,2811.65,263473.0,804.023,263473.0,804.023,0.5,converged,750441.0,2207.31,3430230.0,10450.7,1031.01,0.75088,68.6737,0.942718,59.13,4.9969,0.20998,0.262746
plain,96,0x2680,shell,1024,150,97637.7,618.922,36327.1,4.07112,68242.1,4.07112,1.6,converged,363621.0,220.872,740676.0,64.6594,4767.44,4.41877,68.0486,0.400722,52.4243,1.9396,0.603947,0.916131
plain,96,0x23a0,quick,1024,50,54167.3,1026.23,14855.0,44.2434,7149.64,7.90636,0.6,converged,201224.0,307.26,249147.0,339.253,5785.99,9.92756,66.4091,0.502832,61.1541,2.13032,0.41116,0.662276
plain,96,0x3240,bfs,1024,50,66459.7,1315.47,14855.4,65.5576,7149.81,11.3252,0.4,converged,244345.0,3619.63,345637.0,444.047,5778.69,11.8855,77.2562,1.10225,83.5981,4.66431,0.095,0.0925702
plain,96,0x2490,merge,1024,100,79015.7,737.367,10240.0,0.0,20480.0,0.0,1.0,converged,293572.0,775.042,464751.0,7.87158,4996.61,13.9806,88.825,1.95449,76.7763,4.08028,0.20684,0.101893
plain,96,0x2bd0,heap,1024,100,67162.0,485.569,28705.0,3.8988,14445.4,1.7339,0.8,converged,247575.0,156.054,296999.0,44.0151,5826.12,5.23675,68.38,0.913813,50.0516,2.57782,0.18244,0.20274
plain,96,0x1cd0,bubble,8192,100,54476900.0,2726290.0,33542200.0,3292.67,50291500.0,117941.0,5.9,converged,202295000.0,857655.0,402593000.0,240469.0,4252200.0,26945.8,41643.1,8796.5,3044.84,804.69,23.78,12.9636
plain,96,0x1de0,min,8192,150,14133100.0,58322.5,33558500.0,0.0,24546.7,2.67735,2.7,converged,52627300.0,27977.9,184946000.0,613.69,76091.9,182.87,5313.78,1160.77,1395.2,171.664,15.3133,6.76699
plain,96,0x1f60,insertion,8192,50,12489900.0,72372.5,16791900.0,54271.4,16791900.0,54271.4,0.8,converged,46420300.0,152785.0,218336000.0,705524.0,8258.86,8.5841,3426.78,212.781,1233.36,133.038,36.06,9.37799
plain,96,0x2680,shell,8192,68,1240490.0,14098.6,468638.0,153.658,887505.0,153.658,0.5,converged,4472590.0,4373.99,9598890.0,2637.94,51736.5,128.393,3119.42,59.562,478.213,57.1147,2.05882,1.41358
plain,96,0x23a0,quick,8192,64,542320.0,6166.5,153071.0,1196.28,74249.9,147.634,0.5,converged,1973210.0,9571.23,2437660.0,9151.8,56460.7,235.544,734.895,23.8881,478.164,32.1924,0.621094,0.625073
plain,96,0x3240,bfs,8192,150,640184.0,7884.75,152538.0,839.834,74259.5,93.4908,1.3,converged,2326300.0,16995.1,3197270.0,5993.47,55725.0,128.574,8420.79,51.6668,1408.29,60.4206,4.805,8.0094
plain,96,0x2490,merge,8192,80,1003270.0,83896.1,106496.0,0.0,212992.0,0.0,0.7,converged,3629720.0,279555.0,4208790.0,1403.85,72192.9,7216.39,5215.76,39.2776,1722.21,231.037,4.04063,1.77805
plain,96,0x2bd0,heap,8192,55,685039.0,5326.19,303288.0,32.13,140149.0,14.5986,0.5,converged,2530780.0,1799.6,3124860.0,634.961,57728.1,42.3884,1114.44,38.2886,487.595,30.501,0.527273,0.559479
plain,112,0x1ce0,bubble,1024,146,792807.0,8777.45,522870.0,148.947,784417.0,2895.84,1.3,converged,2931900.0,9012.74,6290520.0,6185.71,56024.9,404.231,73.7774,3.07753,58.4658,5.69548,0.261986,0.228988
plain,112,0x1df0,min,1024,150,244937.0,2920.75,524799.0,0.0,3049.07,0.652673,1.6,converged,899098.0,2353.98,2930920.0,33.359,7749.0,9.41593,69.8646,1.27604,58.3733,3.77186,0.422887,0.635862
plain,112,0x1f70,insertion,1024,189,202449.0,1360.48,262786.0,420.385,262786.0,420.385,2.1,converged,757295.0,1647.07,3421310.0,5465.0,1030.5,0.308797,67.7355,0.780106,60.0612,3.10913,0.615714,0.316291
plain,112,0x2690,shell,1024,113,73014.3,548.072,36326.4,4.5696,68241.4,4.5696,1.0,converged,269830.0,527.205,740663.0,81.5689,4842.15,7.00629,67.0608,0.73389,49.6967,2.37689,0.204885,0.157402
plain,112,0x23b0,quick,1024,53,52655.4,645.782,14863.7,51.013,7149.64,7.7712,0.6,converged,195499.0,398.343,249219.0,388.329,5749.93,11.5211,65.9906,0.28435,58.4369,4.46193,0.255547,0.313646
plain,112,0x3250,bfs,1024,50,63785.5,1343.44,14830.8,65.4278,7151.62,11.5403,0.5,converged,233431.0,3632.24,345455.0,484.099,5793.66,11.8693,75.3332,1.55802,82.0004,3.71865,0.309,0.337602
plain,112,0x24a0,merge,1024,91,73924.6,7344.93,10240.0,0.0,20480.0,0.0,0.8,converged,272266.0,24368.9,464754.0,8.25466,5492.46,637.653,87.4725,3.0594,70.2352,3.9652,0.298736,0.206996
plain,112,0x2be0,heap,1024,50,57111.9,531.805,28705.1,2.75689,14445.9,1.35156,0.6,converged,213088.0,247.6,296997.0,27.9677,6043.24,7.31509,67.3887,0.303683,58.5047,1.73881,0.16404,0.190479
plain,112,0x1ce0,bubble,8192,50,59397800.0,302054.0,33542400.0,4435.51,50377500.0,170521.0,3.1,converged,223016000.0,783085.0,402767000.0,365529.0,5001280.0,32793.5,42020.1,3492.15,2648.82,890.076,31.64,23.4851
plain,112,0x1df0,min,8192,400,12750600.0,616757.0,33558500.0,0.0,24547.8,1.69309,7.2,converged,46799000.0,301544.0,184946000.0,370.504,75504.2,113.609,5216.3,1080.66,1337.07,163.123,21.6975,6.87813
plain,112,0x1f70,insertion,8192,50,12534100.0,103259.0,16779500.0,75575.1,16779500.0,75575.1,0.8,converged,46496200.0,98297.5,218175000.0,982474.0,8255.94,8.75627,3540.66,531.626,1242.96,168.593,17.74,8.47884
plain,112,0x2690,shell,8192,50,873385.0,6812.07,468652.0,138.315,887519.0,138.315,0.5,converged,3262880.0,8456.6,9599080.0,2332.91,52665.1,271.44,2858.32,113.411,486.695,48.0781,1.065,0.760732
plain,112,0x23b0,quick,8192,84,528589.0,6452.32,152313.0,1007.47,74287.8,124.317,0.6,converged,1929710.0,8614.72,2431580.0,7622.32,56222.8,211.867,727.911,28.399,489.839,21.9679,0.747024,0.760106
plain,112,0x3250,bfs,8192,102,614918.0,9497.39,152664.0,1231.41,74252.9,124.709,0.9,converged,2206370.0,46343.5,3198210.0,8860.96,56028.6,179.043,8401.6,50.1647,1485.79,78.346,1.51471,0.828141
plain,112,0x24a0,merge,8192,114,903486.0,90032.6,106496.0,0.0,212992.0,0.0,0.9,converged,3265880.0,301675.0,4209550.0,1197.19,74119.6,7895.2,5238.78,52.7025,1777.17,171.856,2.85088,1.87152
plain,112,0x2be0,heap,8192,60,579255.0,6054.28,303282.0,33.5984,140146.0,16.4557,0.5,converged,2112630.0,3099.48,3124810.0,348.534,58458.9,53.1336,2391.96,151.88,492.117,35.4698,1.19167,1.02324
