build,pad,address,sort,n,rounds,time_ns,time_ci_ns,compares,compares_ci,moves,moves_ci,session_s,status,cycles,cycles_ci,instructions,instructions_ci,branch_misses,branch_misses_ci,dsb_uops,dsb_uops_ci,mite_uops,mite_uops_ci
plain,0,0x1c70,bubble,1024,50,567999.0,6675.41,522797.0,326.558,784449.0,4566.35,0.3,converged,2045380.0,4093.26,6289890.0,10014.3,24280.4,130.396,6624110.0,15436.1,17124.9,245.323
plain,0,0x1d80,min,1024,63,281755.0,2413.51,524799.0,0.0,3048.95,1.0818,0.5,converged,1020920.0,1013.4,2930890.0,71.976,7948.65,30.1851,1111620.0,973.392,1475590.0,1088.03
plain,0,0x1f00,insertion,1024,50,202611.0,2098.7,263042.0,711.012,263042.0,711.012,0.5,converged,749315.0,1937.71,3424630.0,9243.17,1030.47,0.530393,2993100.0,7864.13,429.97,1119.14
plain,0,0x2620,shell,1024,50,99387.1,714.787,36325.6,6.56498,68240.6,6.56498,0.5,converged,371277.0,248.317,740654.0,104.221,4796.35,6.76938,190539.0,436.646,619219.0,471.433
plain,0,0x2340,quick,1024,71,53627.8,430.282,14859.4,38.0866,7150.96,5.98835,0.8,converged,200160.0,233.163,249201.0,296.578,5768.37,8.0705,573347.0,882.576,19677.4,72.825
plain,0,0x31e0,bfs,1024,50,66418.0,1104.97,14815.0,69.8675,7155.41,9.5499,0.4,converged,242385.0,1007.09,345368.0,492.179,5736.91,12.0868,586395.0,4511.14,67389.1,3397.35
plain,0,0x2430,merge,1024,248,70922.7,3053.13,10240.0,0.0,20480.0,0.0,2.6,converged,263693.0,10099.6,464749.0,5.68605,5243.5,319.365,584856.0,6543.02,149341.0,6632.84
plain,0,0x2b70,heap,1024,50,66626.2,731.853,28702.6,5.03774,14444.7,2.2762,0.4,converged,245015.0,214.312,296974.0,51.4585,5833.58,5.26353,299706.0,620.374,152098.0,232.989
plain,0,0x1c70,bubble,8192,51,53079300.0,323685.0,33543300.0,5129.6,50328000.0,176564.0,2.9,converged,199142000.0,866024.0,402677000.0,347579.0,4121800.0,37028.4,621655000.0,2521120.0,175897.0,10210.8
plain,0,0x1d80,min,8192,50,14180500.0,66802.7,33558500.0,0.0,24547.2,6.87622,0.9,converged,52716200.0,19948.6,184946000.0,1169.71,77582.2,370.963,60564800.0,8477.11,85558500.0,11164.2
plain,0,0x1f00,insertion,8192,108,12583000.0,94554.8,16777600.0,44916.4,16777600.0,44916.4,1.7,converged,46440900.0,125797.0,218151000.0,583913.0,8267.24,9.08388,185324000.0,494417.0,38602.8,3680.76
plain,0,0x2620,shell,8192,50,1263130.0,11485.8,468628.0,147.139,887495.0,147.139,0.4,converged,4563680.0,6205.76,9598740.0,2309.77,52102.4,136.789,2346810.0,20584.4,7807260.0,19978.6
plain,0,0x2340,quick,8192,162,536244.0,4342.32,152740.0,817.984,74241.6,84.6045,1.3,converged,1956620.0,5081.87,2434940.0,6190.21,56399.7,124.01,5661940.0,17491.7,169411.0,6746.8
plain,0,0x31e0,bfs,8192,50,638366.0,7406.23,152434.0,1793.44,74286.9,180.99,0.4,converged,2310850.0,16391.5,3196700.0,12588.3,55386.2,254.155,5480990.0,101199.0,653330.0,58489.4
plain,0,0x2430,merge,8192,172,693703.0,41658.4,106496.0,0.0,212992.0,0.0,1.7,converged,2781800.0,763436.0,4212570.0,570.605,60629.1,20222.3,5790490.0,384815.0,1345170.0,411094.0
plain,0,0x2b70,heap,8192,50,680854.0,5235.69,303274.0,47.0306,140143.0,22.0157,0.4,converged,2505750.0,4067.83,3124720.0,473.534,57854.0,63.2576,3068910.0,14768.8,1584470.0,9287.28
plain,16,0x1c80,bubble,1024,50,834641.0,16926.4,522910.0,241.952,785023.0,8708.77,0.4,converged,3068030.0,14719.5,6292100.0,16151.5,65473.0,630.543,10088800.0,41543.3,59718.8,1626.76
plain,16,0x1d90,min,1024,56,247097.0,3211.89,524799.0,0.0,3049.04,0.982067,0.5,converged,906287.0,1058.32,2930940.0,57.0474,7821.76,20.8381,2728020.0,9675.8,41931.8,421.15
plain,16,0x1f10,insertion,1024,91,202957.0,1304.15,263182.0,512.384,263182.0,512.384,0.9,converged,757567.0,1428.09,3426450.0,6660.7,1030.77,0.441405,2965040.0,5635.95,29215.4,106.905
plain,16,0x2630,shell,1024,100,72989.8,522.975,36325.7,4.99059,68240.7,4.99059,0.9,converged,268844.0,529.122,740656.0,78.0297,4807.88,8.52137,1037750.0,1398.1,822.032,57.9497
plain,16,0x2350,quick,1024,100,52010.8,657.279,14840.4,33.1731,7151.69,4.65402,1.1,converged,194272.0,209.837,249030.0,254.679,5728.97,6.45426,625991.0,2123.04,1538.64,95.6119
plain,16,0x31f0,bfs,1024,150,62984.5,786.578,14840.9,31.6828,7151.17,5.14845,1.5,converged,231387.0,1299.77,345531.0,225.264,5781.79,6.36084,747950.0,6911.42,14873.2,4373.75
plain,16,0x2440,merge,1024,50,69483.3,1419.83,10240.0,0.0,20480.0,0.0,0.4,converged,257826.0,4433.43,464752.0,7.58343,4992.0,113.027,564040.0,4017.32,123792.0,3015.1
plain,16,0x2b80,heap,1024,108,56693.8,309.672,28705.6,2.61092,14446.1,1.22888,1.3,converged,212339.0,228.852,297002.0,26.2367,6065.17,7.50628,528766.0,1207.02,70765.4,173.682
plain,16,0x1c80,bubble,8192,50,61276700.0,4478570.0,33540800.0,5863.44,50256200.0,226836.0,3.2,converged,226420000.0,3575850.0,402510000.0,454273.0,5350480.0,144173.0,737244000.0,10861000.0,3234090.0,101058.0
plain,16,0x1d90,min,8192,50,12707300.0,437784.0,33558500.0,0.0,24547.8,4.45056,0.8,converged,46785300.0,44447.0,184946000.0,1115.79,76291.3,320.644,147762000.0,61635.7,368128.0,8258.04
plain,16,0x1f10,insertion,8192,50,12495900.0,85358.9,16785600.0,61577.1,16785600.0,61577.1,0.8,converged,46462600.0,170196.0,218255000.0,800497.0,8257.14,6.21479,185207000.0,678186.0,239846.0,6020.71
plain,16,0x2630,shell,8192,50,876709.0,18627.3,468621.0,106.291,887488.0,106.291,0.5,converged,3251740.0,3838.83,9598550.0,1817.69,52323.8,100.872,12672500.0,10545.7,1430.46,189.092
plain,16,0x2350,quick,8192,50,522420.0,6587.12,152748.0,1552.0,74230.8,197.022,0.4,converged,1913740.0,12760.7,2434780.0,10041.7,55899.8,271.545,6045430.0,25847.2,42569.4,12742.3
plain,16,0x31f0,bfs,8192,195,606435.0,4640.61,152764.0,732.598,74243.1,84.2184,1.7,converged,2203030.0,10757.9,3198920.0,5254.37,55869.5,117.089,7030410.0,55274.7,164240.0,34974.6
plain,16,0x2440,merge,8192,130,845085.0,79398.4,106496.0,0.0,212992.0,0.0,1.1,converged,3080040.0,268612.0,4210340.0,1090.95,67914.2,6920.95,5345880.0,144480.0,1387180.0,171042.0
plain,16,0x2b80,heap,8192,50,576438.0,5433.65,303285.0,44.5464,140145.0,28.2572,0.4,converged,2107150.0,1913.45,3124840.0,459.459,58772.0,69.8033,6105690.0,18922.2,515454.0,3345.63
plain,32,0x1c90,bubble,1024,100,568330.0,4247.83,522916.0,172.848,785216.0,3063.01,0.7,converged,2066540.0,3357.83,6292540.0,6141.75,24912.9,105.58,6669800.0,11554.2,17028.5,252.862
plain,32,0x1da0,min,1024,50,277947.0,4294.73,524799.0,0.0,3049.67,1.57663,0.4,converged,1014970.0,1038.21,2930920.0,68.9961,7806.44,31.8371,1098770.0,661.494,1485100.0,1063.4
plain,32,0x1f20,insertion,1024,112,201174.0,1461.12,263027.0,488.839,263027.0,488.839,1.1,converged,748709.0,1412.32,3424430.0,6354.98,1031.25,0.54507,2993330.0,5234.94,214.445,34.1559
plain,32,0x2640,shell,1024,50,97548.8,957.472,36325.6,6.21962,68240.6,6.21962,0.5,converged,364341.0,233.134,740654.0,98.7589,4807.06,7.18853,226601.0,150.934,582258.0,229.516
plain,32,0x2360,quick,1024,100,54200.9,601.044,14849.4,29.0694,7150.54,4.61604,1.2,converged,201917.0,233.982,249100.0,228.565,5820.91,5.93859,572955.0,1457.06,26644.4,223.738
plain,32,0x3200,bfs,1024,180,65858.3,465.514,14845.9,34.6947,7151.14,5.19858,1.6,converged,242658.0,959.428,345574.0,244.939,5730.08,6.24386,557460.0,4584.46,76997.7,2996.05
plain,32,0x2450,merge,1024,50,79934.5,4365.44,10240.0,0.0,20480.0,0.0,0.5,converged,297433.0,14257.5,464754.0,12.3105,5093.19,369.104,181461.0,6524.15,395977.0,7920.62
plain,32,0x2b90,heap,1024,150,67404.4,500.654,28706.0,2.80458,14446.1,1.33335,1.3,converged,247995.0,155.26,297009.0,28.5294,5844.82,2.58249,233710.0,313.56,210529.0,213.801
plain,32,0x1c90,bubble,8192,50,53745800.0,280113.0,33542300.0,5346.09,50397400.0,191504.0,2.8,converged,202194000.0,1044850.0,402806000.0,386456.0,4245770.0,29784.5,628300000.0,2257860.0,157558.0,17704.5
plain,32,0x1da0,min,8192,131,14168800.0,57434.1,33558500.0,0.0,24547.1,2.5674,2.3,converged,52623600.0,27518.7,184946000.0,533.736,76333.4,212.275,60446000.0,5019.91,85651600.0,6011.73
plain,32,0x1f20,insertion,8192,50,12472500.0,77386.6,16772800.0,73715.4,16772800.0,73715.4,0.8,converged,46356400.0,202978.0,218089000.0,958299.0,8257.02,6.5379,185300000.0,810316.0,10566.1,1069.54
plain,32,0x2640,shell,8192,59,1244450.0,10416.3,468610.0,181.852,887477.0,181.852,0.4,converged,4487570.0,5732.85,9598520.0,3075.65,52276.4,170.455,2787840.0,3269.11,7366200.0,6432.0
plain,32,0x2360,quick,8192,63,540566.0,5941.28,152995.0,1434.42,74247.7,143.851,0.5,converged,1978380.0,9561.14,2437060.0,11434.8,56713.2,199.051,5630360.0,43451.0,244954.0,14591.9
plain,32,0x3200,bfs,8192,200,634703.0,7376.1,152669.0,745.665,74259.8,87.1859,1.8,converged,2314500.0,18870.6,3198330.0,5275.76,55361.5,125.586,5158480.0,87576.3,770932.0,59587.8
plain,32,0x2450,merge,8192,65,949052.0,92885.8,106496.0,0.0,212992.0,0.0,0.5,converged,3463650.0,313122.0,4209650.0,1608.2,67791.9,8061.38,1328490.0,134319.0,4137040.0,164263.0
plain,32,0x2b90,heap,8192,57,696459.0,29666.9,303292.0,33.7192,140149.0,16.5735,0.5,converged,2533020.0,2965.18,3124910.0,342.836,57746.8,47.7346,2352680.0,9860.18,2206890.0,6978.71
plain,48,0x1ca0,bubble,1024,87,798594.0,5424.4,522945.0,156.524,786141.0,3044.54,0.7,converged,2936190.0,10692.6,6294650.0,6214.46,56209.4,439.296,8199500.0,22383.3,62733.8,1391.21
plain,48,0x1db0,min,1024,100,245202.0,3033.68,524799.0,0.0,3049.59,0.732272,1.0,converged,897989.0,2251.44,2930930.0,40.6184,7764.02,17.478,2733180.0,7904.31,31217.2,218.764
plain,48,0x1f30,insertion,1024,55,204635.0,1640.1,262858.0,951.534,262858.0,951.534,0.5,converged,757365.0,4605.86,3422240.0,12370.1,1036.05,0.957496,2968250.0,9900.6,22008.6,99.9913
plain,48,0x2650,shell,1024,54,73292.7,631.888,36328.8,5.60648,68243.8,5.60648,0.5,converged,269888.0,542.556,740705.0,75.4618,4849.34,9.86705,1049440.0,1467.17,1020.28,11.4922
plain,48,0x2370,quick,1024,120,52334.7,270.38,14839.5,29.5476,7153.16,4.99635,1.4,converged,195415.0,243.27,249047.0,226.11,5751.07,6.42567,608673.0,1759.27,1131.74,480.642
plain,48,0x3210,bfs,1024,120,63738.3,880.844,14841.1,39.5487,7152.57,5.6841,1.1,converged,233016.0,1808.09,345547.0,288.563,5815.12,8.87596,750626.0,9151.23,16604.6,5675.03
plain,48,0x2460,merge,1024,50,70125.6,5498.89,10240.0,0.0,20480.0,0.0,0.4,converged,259683.0,18703.2,464747.0,11.358,5164.47,491.251,548286.0,12619.1,132722.0,12176.4
plain,48,0x2ba0,heap,1024,53,57438.8,703.659,28705.7,3.38446,14446.0,1.497,0.6,converged,213794.0,608.977,297003.0,33.9308,6088.97,9.38132,533440.0,1425.05,70916.0,358.588
plain,48,0x1ca0,bubble,8192,50,59450300.0,354475.0,33542700.0,3865.86,50388500.0,198444.0,3.1,converged,223201000.0,671592.0,402791000.0,397617.0,5010140.0,33273.8,617885000.0,1702190.0,4274810.0,84236.1
plain,48,0x1db0,min,8192,232,12568000.0,54347.3,33558500.0,0.0,24547.2,2.17631,4.0,converged,46824800.0,224509.0,184946000.0,552.635,75676.3,143.409,147784000.0,34955.3,288728.0,25570.4
plain,48,0x1f30,insertion,8192,53,12496300.0,68294.3,16798100.0,80494.8,16798100.0,80494.8,0.8,converged,46527500.0,214594.0,218417000.0,1046430.0,8257.66,5.62491,185385000.0,881043.0,190404.0,46472.6
plain,48,0x2650,shell,8192,50,880262.0,7129.31,468601.0,119.901,887468.0,119.901,0.5,converged,3264950.0,5198.51,9598260.0,2005.7,52662.3,200.713,12794300.0,16619.1,3174.86,478.907
plain,48,0x2370,quick,8192,52,528870.0,7556.87,153199.0,1506.26,74249.4,157.035,0.4,converged,1926450.0,6401.4,2439450.0,11640.2,56147.5,359.968,5919520.0,59788.6,34510.1,20494.4
plain,48,0x3210,bfs,8192,51,616235.0,12127.3,152354.0,3569.95,74304.7,272.689,0.4,converged,2226540.0,25798.0,3196230.0,15709.6,56347.9,326.186,7064800.0,113273.0,191379.0,78154.7
plain,48,0x2460,merge,8192,113,687156.0,56959.9,106496.0,0.0,212992.0,0.0,1.0,converged,2530460.0,182845.0,4212460.0,921.407,54846.6,4773.37,5512790.0,115944.0,1099130.0,116103.0
plain,48,0x2ba0,heap,8192,147,584630.0,25967.8,303292.0,21.9862,140148.0,10.5063,1.2,converged,2118690.0,1578.34,3124890.0,222.102,58810.0,42.2713,6194030.0,6452.78,493238.0,1253.7
plain,64,0x1cb0,bubble,1024,73,563960.0,4253.29,522872.0,208.308,784706.0,3982.95,0.5,converged,2049810.0,4224.15,6291120.0,8737.62,24392.3,117.351,6632850.0,12287.8,17762.2,673.265
plain,64,0x1dc0,min,1024,100,280558.0,2525.51,524799.0,0.0,3049.09,1.07139,0.8,converged,1018640.0,779.402,2930920.0,59.8854,7902.56,18.0864,1110890.0,750.354,1474510.0,847.055
plain,64,0x1f40,insertion,1024,81,202241.0,2712.26,262940.0,1019.75,262940.0,1019.75,0.8,converged,748583.0,2501.99,3423310.0,13255.7,1030.35,0.380386,2992090.0,11236.4,225.951,181.314
plain,64,0x2660,shell,1024,182,99962.1,936.871,36324.5,3.94874,68239.5,3.94874,2.0,converged,372719.0,1660.46,740634.0,58.7105,4830.78,4.27849,190595.0,376.076,620491.0,864.113
plain,64,0x2380,quick,1024,190,53355.0,341.461,14852.9,26.9942,7150.43,3.84248,2.3,converged,200583.0,1019.22,249127.0,209.969,5784.04,5.96199,573363.0,3215.38,19802.5,509.11
plain,64,0x3220,bfs,1024,100,66293.9,782.885,14851.0,43.2592,7152.0,7.36806,0.8,converged,243039.0,1596.02,345623.0,312.759,5742.58,8.27585,586713.0,6734.81,68481.4,4384.84
plain,64,0x2470,merge,1024,50,71106.9,5355.59,10240.0,0.0,20480.0,0.0,0.4,converged,263708.0,18979.3,464752.0,10.424,5198.29,490.466,585875.0,10159.7,148535.0,10721.2
plain,64,0x2bb0,heap,1024,130,66602.3,482.86,28704.0,3.19014,14445.3,1.51224,1.1,converged,244405.0,164.862,296988.0,32.24,5799.47,2.88253,298457.0,311.048,152080.0,142.125
plain,64,0x1cb0,bubble,8192,100,52892600.0,216547.0,33543600.0,2502.36,50344100.0,135761.0,5.6,converged,198467000.0,495820.0,402711000.0,268774.0,4095740.0,22326.4,620389000.0,1490990.0,163417.0,5741.75
plain,64,0x1dc0,min,8192,200,14162300.0,54692.9,33558500.0,0.0,24547.6,2.12985,3.6,converged,52647000.0,25483.6,184946000.0,451.339,76783.1,158.342,60548000.0,4532.77,85545000.0,4654.1
plain,64,0x1f40,insertion,8192,114,12479800.0,57017.3,16775400.0,40283.2,16775400.0,40283.2,1.8,converged,46378900.0,111861.0,218122000.0,523682.0,8254.61,3.98032,185323000.0,443261.0,9979.88,1514.28
plain,64,0x2660,shell,8192,50,1265830.0,11290.3,468577.0,147.853,887444.0,147.853,0.4,converged,4573400.0,4625.5,9597830.0,2471.28,52576.2,521.92,2349190.0,14530.8,7825980.0,15066.0
plain,64,0x2380,quick,8192,150,537758.0,4573.1,152913.0,882.859,74241.5,104.936,1.2,converged,1965820.0,9128.83,2436580.0,6830.3,56440.1,147.758,5621370.0,31661.8,188355.0,13571.8
plain,64,0x3220,bfs,8192,52,632250.0,7597.79,152953.0,1332.48,74266.1,152.732,0.4,converged,2307430.0,12062.4,3200660.0,10939.6,55407.8,219.539,5502360.0,59924.9,645821.0,42496.5
plain,64,0x2470,merge,8192,113,871322.0,86586.8,106496.0,0.0,212992.0,0.0,0.9,converged,3157960.0,289037.0,4210020.0,1279.45,70583.4,7595.0,5590850.0,143183.0,1552260.0,158022.0
plain,64,0x2bb0,heap,8192,50,680374.0,7169.32,303293.0,44.6591,140153.0,20.1577,0.4,converged,2504730.0,3484.25,3124910.0,450.441,57660.4,47.9055,3050030.0,13566.5,1590340.0,15446.3
plain,80,0x1cc0,bubble,1024,192,822014.0,8473.65,522830.0,141.276,784887.0,2406.13,1.8,converged,3067890.0,8944.77,6291090.0,4971.97,65431.0,348.095,10088500.0,26791.6,59291.6,902.818
plain,80,0x1dd0,min,1024,50,249473.0,4757.2,524799.0,0.0,3049.63,1.5827,0.4,converged,909711.0,2284.48,2930920.0,63.9527,7990.79,35.9154,2735950.0,11615.9,40339.1,410.397
plain,80,0x1f50,insertion,1024,77,204396.0,2817.66,262901.0,509.091,262901.0,509.091,0.7,converged,756441.0,1462.5,3422800.0,6617.76,1030.41,0.257948,2962350.0,5641.5,28840.7,234.498
plain,80,0x2670,shell,1024,212,72388.5,571.038,36326.9,3.36919,68241.9,3.36919,2.0,converged,268552.0,617.984,740674.0,53.4945,4794.72,5.05986,1036410.0,2976.6,719.484,40.1814
plain,80,0x2390,quick,1024,50,52046.8,755.557,14841.5,41.0877,7151.76,6.42093,0.6,converged,194203.0,258.708,249059.0,331.85,5734.42,7.04166,629195.0,2798.88,1534.93,94.6106
plain,80,0x3230,bfs,1024,170,63337.0,772.289,14862.6,33.1897,7149.44,4.69314,1.6,converged,232249.0,1666.49,345689.0,237.952,5784.42,5.29441,744282.0,7895.93,17423.0,5035.85
plain,80,0x2480,merge,1024,50,70494.2,5502.46,10240.0,0.0,20480.0,0.0,0.4,converged,262099.0,19038.9,464753.0,11.7432,5093.14,491.913,561761.0,11148.9,126756.0,12255.9
plain,80,0x2bc0,heap,1024,50,57260.1,1081.82,28705.1,4.14997,14445.9,1.46843,0.6,converged,213128.0,233.597,296996.0,40.7543,6117.75,8.68083,525940.0,1292.61,71761.5,286.469
plain,80,0x1cc0,bubble,8192,53,59778600.0,237473.0,33543600.0,4856.79,50366000.0,225780.0,3.3,converged,224933000.0,898697.0,402755000.0,423032.0,5294090.0,39882.0,734194000.0,2095150.0,3203840.0,68719.4
plain,80,0x1dd0,min,8192,81,12632100.0,51557.5,33558500.0,0.0,24546.8,3.75257,1.3,converged,46833600.0,38081.2,184946000.0,799.843,78262.1,280.929,147834000.0,52340.7,353641.0,14663.3
plain,80,0x1f50,insertion,8192,66,12531200.0,82669.2,16775500.0,77006.0,16775500.0,77006.0,1.0,converged,46464400.0,200407.0,218123000.0,1001060.0,8257.47,6.53698,185091000.0,751318.0,244076.0,17057.9
plain,80,0x2670,shell,8192,50,875197.0,18602.9,468600.0,137.867,887466.0,137.867,0.5,converged,3247580.0,4676.58,9598260.0,2312.77,52088.5,127.367,12653700.0,14975.5,1648.68,486.746
plain,80,0x2390,quick,8192,50,525216.0,6867.12,152952.0,1330.57,74259.6,188.373,0.4,converged,1915940.0,11580.3,2436330.0,10019.5,56001.4,343.029,6081300.0,131804.0,40205.6,14481.4
plain,80,0x3230,bfs,8192,150,610198.0,6618.08,152766.0,896.65,74284.8,102.291,1.3,converged,2206330.0,13538.3,3199340.0,6383.9,56037.3,134.777,7057510.0,62092.1,155849.0,39329.1
plain,80,0x2480,merge,8192,108,789050.0,78275.8,106496.0,0.0,212992.0,0.0,0.9,converged,2879280.0,261378.0,4211160.0,1079.08,62740.0,6757.7,5450720.0,143318.0,1262160.0,166125.0
plain,80,0x2bc0,heap,8192,118,579680.0,5668.11,303277.0,27.3708,140145.0,13.3979,0.9,converged,2109320.0,3040.55,3124770.0,274.355,58821.4,52.9097,6119330.0,13895.3,508484.0,1456.35
plain,96,0x1cd0,bubble,1024,50,576180.0,8614.62,522823.0,268.756,784258.0,5102.52,0.4,converged,2077600.0,25660.3,6289750.0,10273.0,24968.3,154.996,6665140.0,29827.1,18760.2,2623.88
plain,96,0x1de0,min,1024,140,280433.0,1781.29,524799.0,0.0,3049.41,0.711498,1.1,converged,1016380.0,2683.22,2930930.0,43.1525,7786.26,13.5783,1098590.0,430.348,1484110.0,467.517
plain,96,0x1f60,insertion,1024,148,202204.0,1880.03,262925.0,454.138,262925.0,454.138,1.5,converged,750149.0,2127.98,3423110.0,5903.41,1031.13,0.664366,2991900.0,4988.75,494.731,235.628
plain,96,0x2680,shell,1024,150,98117.3,811.365,36327.1,3.6266,68242.1,3.6266,1.6,converged,364226.0,938.018,740675.0,58.5011,4767.38,3.85619,225956.0,90.5946,580799.0,230.635
plain,96,0x23a0,quick,1024,50,54205.3,1361.06,14853.5,50.0909,7150.51,6.70854,0.6,converged,201312.0,709.911,249157.0,388.602,5786.85,8.59502,567860.0,2196.82,28213.4,650.257
plain,96,0x3240,bfs,1024,50,66371.1,892.2,14868.9,62.2578,7149.12,7.22474,0.4,converged,243941.0,1638.39,345738.0,443.648,5778.65,11.719,556059.0,7052.18,78670.9,4505.22
plain,96,0x2490,merge,1024,50,80744.0,6194.17,10240.0,0.0,20480.0,0.0,0.5,converged,300315.0,20595.5,464748.0,11.3202,5169.51,519.629,180723.0,8610.62,398815.0,10660.5
plain,96,0x2bd0,heap,1024,144,67011.4,463.444,28704.2,3.29394,14445.4,1.58012,1.2,converged,247670.0,586.471,296991.0,33.2466,5825.94,3.55116,232968.0,399.517,210421.0,315.104
plain,96,0x1cd0,bubble,8192,150,54493300.0,2198140.0,33542600.0,2483.14,50250600.0,123513.0,8.7,converged,202403000.0,530652.0,402515000.0,249578.0,4261610.0,22925.5,629417000.0,1838690.0,164718.0,6875.63
plain,96,0x1de0,min,8192,72,14164400.0,53843.4,33558500.0,0.0,24547.8,3.87794,1.2,converged,52614400.0,23776.3,184947000.0,964.889,76221.4,286.701,60445300.0,6667.34,85645900.0,8971.38
plain,96,0x1f60,insertion,8192,50,12520900.0,86403.0,16785500.0,60439.3,16785500.0,60439.3,0.8,converged,46399800.0,168010.0,218254000.0,785713.0,8254.84,13.2998,185437000.0,664914.0,11062.1,3141.91
plain,96,0x2680,shell,8192,100,1248390.0,14638.6,468586.0,128.789,887453.0,128.789,0.7,converged,4473890.0,5648.02,9598010.0,2154.19,51693.1,117.679,2779430.0,2141.33,7348650.0,4706.59
plain,96,0x23a0,quick,8192,56,542108.0,6942.04,152893.0,1482.73,74226.4,174.056,0.4,converged,1971020.0,10382.5,2436000.0,11379.4,56450.5,221.332,5598760.0,29599.9,253887.0,8451.18
plain,96,0x3240,bfs,8192,50,645288.0,13692.3,152169.0,1381.36,74318.2,158.839,0.4,converged,2329960.0,26881.0,3194890.0,9913.61,55849.1,255.802,5125230.0,121660.0,805323.0,81260.2
plain,96,0x2490,merge,8192,150,1010440.0,100193.0,106496.0,0.0,212992.0,0.0,1.3,converged,3591120.0,218978.0,4209200.0,1043.51,71214.0,5640.14,1275420.0,93814.5,4220820.0,113986.0
plain,96,0x2bd0,heap,8192,100,688742.0,6401.4,303284.0,30.3334,140144.0,13.9276,0.9,converged,2532200.0,1632.53,3124820.0,307.034,57742.8,31.9422,2345780.0,6720.4,2212840.0,9949.14
plain,112,0x1ce0,bubble,1024,80,818332.0,81124.3,522869.0,193.284,785456.0,4202.28,0.7,converged,2928940.0,7432.24,6292600.0,8318.83,55908.0,449.278,8181210.0,17248.5,62940.4,1529.25
plain,112,0x1df0,min,1024,50,248180.0,4245.14,524799.0,0.0,3049.8,1.35765,0.5,converged,897769.0,1760.65,2930930.0,57.632,7758.46,23.4735,2732060.0,9664.77,31540.6,437.105
plain,112,0x1f70,insertion,1024,200,205746.0,1870.17,262857.0,373.768,262857.0,373.768,2.0,converged,757296.0,1776.98,3422230.0,4858.91,1030.35,0.271106,2968170.0,4154.38,21928.4,113.9
plain,112,0x2690,shell,1024,50,73669.5,777.623,36326.7,9.09358,68241.7,9.09358,0.4,converged,269881.0,437.855,740670.0,118.622,4845.8,12.4004,1049110.0,1450.66,1024.32,15.7158
plain,112,0x23b0,quick,1024,57,52680.0,568.489,14847.0,39.2803,7152.59,7.12303,0.6,converged,195788.0,434.388,249086.0,303.201,5753.53,10.3223,605702.0,3872.92,1409.13,899.538
plain,112,0x3250,bfs,1024,50,63712.1,2010.8,14828.1,57.2266,7153.5,8.43163,0.5,converged,232293.0,3056.13,345451.0,421.561,5790.95,11.1301,747310.0,15581.1,17022.9,9926.87
plain,112,0x24a0,merge,1024,62,72424.1,7237.02,10240.0,0.0,20480.0,0.0,0.6,converged,266232.0,24681.5,464755.0,10.8504,5333.76,649.405,546152.0,15048.2,136887.0,15758.5
plain,112,0x2be0,heap,1024,50,57177.2,598.816,28705.4,3.67638,14445.9,1.71813,0.6,converged,212994.0,192.387,296999.0,37.1698,6043.16,9.66711,543491.0,1393.7,68434.4,351.576
plain,112,0x1ce0,bubble,8192,100,59296500.0,277582.0,33544500.0,1534.53,50316300.0,129018.0,6.2,converged,222678000.0,668092.0,402664000.0,257247.0,4993230.0,28092.8,616644000.0,1537210.0,4220230.0,58953.0
plain,112,0x1df0,min,8192,50,12547800.0,56537.1,33558500.0,0.0,24547.7,6.00812,0.8,converged,46676100.0,30730.6,184946000.0,1412.34,75539.0,387.964,147817000.0,51972.1,261132.0,5088.3
plain,112,0x1f70,insertion,8192,50,12517200.0,76164.4,16775000.0,96606.7,16775000.0,96606.7,0.8,converged,46459900.0,176371.0,218117000.0,1255860.0,8251.62,6.43822,185135000.0,523912.0,181259.0,819.723
plain,112,0x2690,shell,8192,58,872721.0,5644.26,468623.0,100.917,887490.0,100.917,0.6,converged,3263190.0,4814.35,9598570.0,1714.95,52624.6,144.978,12796900.0,14034.8,1859.47,225.221
plain,112,0x23b0,quick,8192,50,528824.0,9763.01,152858.0,1647.75,74302.6,158.64,0.4,converged,1925370.0,16610.5,2436270.0,9156.84,56242.9,508.662,5917270.0,65014.5,27224.1,21610.3
plain,112,0x3250,bfs,8192,55,609697.0,10201.3,152311.0,1273.36,74330.9,148.875,0.4,converged,2209190.0,22412.1,3196150.0,9091.07,56146.0,231.341,7087280.0,122856.0,165092.0,76166.7
plain,112,0x24a0,merge,8192,124,848450.0,84695.8,106496.0,0.0,212992.0,0.0,1.0,converged,3077580.0,279231.0,4210300.0,1120.18,69236.9,7306.8,5233620.0,159351.0,1445210.0,175782.0
plain,112,0x2be0,heap,8192,100,579025.0,6636.33,303288.0,30.8623,140150.0,14.5702,0.8,converged,2113270.0,2435.01,3124870.0,312.774,58469.2,40.1195,6230840.0,7512.47,485010.0,1498.78
jcc,0,0x1c80,bubble,1024,55,829432.0,9773.14,522916.0,229.25,786793.0,3800.79,0.5,converged,3065870.0,12792.7,6295680.0,7952.87,65349.1,557.51,10083400.0,52134.7,58499.1,1446.73
jcc,0,0x1da0,min,1024,50,269932.0,2354.34,524799.0,0.0,3049.4,1.43715,0.4,converged,974124.0,735.514,3190880.0,84.6913,7753.48,25.2422,3035590.0,2302.07,1122.04,242.002
jcc,0,0x1f20,insertion,1024,85,201829.0,1494.51,263148.0,619.012,263148.0,619.012,0.8,converged,749162.0,1695.4,3426020.0,8046.78,1031.49,0.629989,2994690.0,6809.84,250.461,61.7086
jcc,0,0x2680,shell,1024,50,74827.8,639.645,36329.4,7.43576,68244.4,7.43576,0.4,converged,275789.0,785.618,772730.0,113.849,4811.05,19.9802,1082330.0,2183.26,103.006,19.4265
jcc,0,0x2380,quick,1024,100,52477.3,385.62,14851.6,41.4466,7150.98,4.60541,1.1,converged,196259.0,182.879,250143.0,375.768,5809.46,6.38849,633460.0,1246.61,770.897,57.8454
jcc,0,0x32d0,bfs,1024,222,63891.0,1005.81,14849.3,29.5382,7151.4,4.31661,2.3,converged,233816.0,2185.11,349006.0,213.3,5727.68,5.52535,684767.0,10814.7,20369.6,6957.2
jcc,0,0x2480,merge,1024,200,70417.9,3661.83,10240.0,0.0,20480.0,0.0,1.9,converged,261935.0,10394.1,465772.0,6.20476,5121.84,267.325,570384.0,7443.63,119321.0,7098.07
jcc,0,0x2c00,heap,1024,114,52789.5,321.405,28704.6,2.64675,14445.4,1.23185,1.3,converged,197491.0,161.994,308590.0,27.6226,5862.73,3.29897,684912.0,677.36,151.731,33.0063
jcc,0,0x1c80,bubble,8192,50,59893400.0,233089.0,33540700.0,5344.84,50330400.0,230907.0,3.1,converged,225368000.0,801687.0,402657000.0,463699.0,5314090.0,33324.1,735304000.0,2347130.0,3179670.0,79439.3
jcc,0,0x1da0,min,8192,50,14049900.0,105313.0,33558500.0,0.0,24546.8,4.4257,0.8,converged,52177100.0,36489.6,201698000.0,1371.3,74621.7,293.74,164712000.0,19683.8,33657.4,8433.28
jcc,0,0x1f20,insertion,8192,102,12499800.0,55603.6,16772700.0,47801.7,16772700.0,47801.7,1.6,converged,46365800.0,134251.0,218088000.0,621426.0,8256.79,4.06348,185295000.0,525497.0,11484.7,2160.83
jcc,0,0x2680,shell,8192,620,890702.0,2675.26,468605.0,35.9434,887472.0,35.9434,8.2,converged,3345910.0,5228.5,10017300.0,602.844,51966.2,45.7548,13178500.0,10849.5,2341.52,341.03
jcc,0,0x2380,quick,8192,131,530508.0,5356.05,152749.0,846.081,74267.3,87.6056,1.0,converged,1933780.0,27132.0,2443240.0,6568.04,56769.0,120.438,6076840.0,58813.6,28916.1,16168.8
jcc,0,0x32d0,bfs,8192,50,607710.0,6857.65,152916.0,1750.95,74224.1,188.15,0.4,converged,2205210.0,18401.9,3232890.0,12411.5,55486.2,262.946,6492930.0,80553.2,166774.0,65136.1
jcc,0,0x2480,merge,8192,50,697782.0,64586.8,106496.0,0.0,212992.0,0.0,0.4,converged,2565620.0,216143.0,4220660.0,880.273,54742.3,5594.51,5680150.0,143054.0,1004510.0,140845.0
jcc,0,0x2c00,heap,8192,50,551109.0,4288.57,303296.0,38.9329,140153.0,18.952,0.4,converged,2006290.0,2389.57,3242270.0,411.888,58061.4,49.6489,7002530.0,8695.07,2798.69,1171.98
jcc,16,0x1c80,bubble,1024,100,841715.0,8707.5,522861.0,169.167,785534.0,3278.65,0.9,converged,3071780.0,13893.9,6292670.0,6983.37,65451.3,565.267,10102200.0,39429.7,59237.6,1185.35
jcc,16,0x1da0,min,1024,99,269863.0,2477.04,524799.0,0.0,3049.23,1.21225,0.8,converged,975267.0,1813.63,3190900.0,47.4096,7754.38,17.8392,3035270.0,1431.09,1380.51,591.641
jcc,16,0x1f20,insertion,1024,228,201501.0,1131.43,262829.0,333.279,262829.0,333.279,2.4,converged,748950.0,1209.39,3421860.0,4332.67,1031.45,0.355302,2990780.0,3692.03,490.509,116.437
jcc,16,0x2680,shell,1024,150,74460.1,503.376,36325.0,4.26014,68240.0,4.26014,1.3,converged,275586.0,384.969,772662.0,68.5439,4803.08,9.76507,1081530.0,1057.03,120.564,51.6791
jcc,16,0x2380,quick,1024,100,52639.9,506.937,14845.0,32.9232,7152.48,5.61541,1.1,converged,196441.0,466.278,250096.0,251.086,5811.31,6.9911,631978.0,2839.07,1160.31,880.229
jcc,16,0x32d0,bfs,1024,50,62977.7,895.131,14843.0,61.9807,7153.91,7.07101,0.5,converged,232065.0,1455.83,348982.0,445.071,5732.89,19.4886,692356.0,6961.91,15361.5,4556.51
jcc,16,0x2480,merge,1024,50,69134.7,881.373,10240.0,0.0,20480.0,0.0,0.4,converged,256284.0,2600.28,465776.0,11.365,4969.44,63.8193,573741.0,4783.99,115612.0,1896.82
jcc,16,0x2c00,heap,1024,50,52932.4,690.57,28706.9,3.58633,14446.7,1.75809,0.6,converged,197494.0,169.844,308614.0,39.1975,5864.82,5.08955,684668.0,1271.04,169.246,53.0799
jcc,16,0x1c80,bubble,8192,50,59910500.0,261046.0,33540000.0,3014.96,50275000.0,216883.0,3.2,converged,225581000.0,862200.0,402540000.0,413201.0,5323500.0,37516.4,735815000.0,2395710.0,3254500.0,83118.6
jcc,16,0x1da0,min,8192,300,14231400.0,972419.0,33558500.0,0.0,24547.9,1.91173,5.7,converged,52203300.0,28342.2,201697000.0,522.127,74624.4,132.507,164697000.0,39620.5,43283.8,7829.6
jcc,16,0x1f20,insertion,8192,67,12472000.0,66205.4,16757400.0,61304.3,16757400.0,61304.3,1.0,converged,46329900.0,169802.0,217888000.0,796959.0,8256.16,7.50854,185123000.0,673383.0,16163.8,40049.2
jcc,16,0x2680,shell,8192,100,897226.0,5723.09,468600.0,90.63,887467.0,90.63,1.0,converged,3341880.0,4049.76,10017200.0,1524.02,51942.0,107.893,13182700.0,10986.3,967.15,737.874
jcc,16,0x2380,quick,8192,100,533819.0,7084.17,153015.0,1012.59,74222.4,123.427,0.8,converged,1940700.0,11654.3,2445340.0,7767.75,56677.4,173.145,6070580.0,55218.9,40539.7,15589.0
jcc,16,0x32d0,bfs,8192,50,615706.0,10433.8,153289.0,1037.36,74231.4,192.544,0.4,converged,2218570.0,22441.9,3235950.0,7596.1,55431.3,227.725,6432480.0,117514.0,202454.0,78822.8
jcc,16,0x2480,merge,8192,71,705433.0,61088.2,106496.0,0.0,212992.0,0.0,0.6,converged,2604840.0,221145.0,4220680.0,722.407,55787.3,5661.9,5658760.0,126528.0,1029420.0,148699.0
jcc,16,0x2c00,heap,8192,97,557152.0,6896.62,303290.0,27.8818,140150.0,13.6058,0.8,converged,2008930.0,4288.59,3242210.0,290.118,58071.3,35.156,6997190.0,9209.58,3181.41,2000.39
jcc,32,0x1ca0,bubble,1024,88,802716.0,6551.85,522777.0,184.963,784139.0,3452.3,0.8,converged,2934650.0,11778.1,6289080.0,7603.2,56180.9,502.488,8188400.0,26201.3,62882.6,1423.36
jcc,32,0x1dc0,min,1024,50,269665.0,2658.02,524799.0,0.0,3049.57,1.26577,0.4,converged,977368.0,1016.39,3190870.0,80.3877,7874.55,31.4027,3041610.0,2266.92,1235.14,285.441
jcc,32,0x1f40,insertion,1024,100,201327.0,1431.31,262967.0,508.627,262967.0,508.627,1.0,converged,749271.0,1417.67,3423650.0,6612.43,1030.2,0.286481,2991940.0,5603.99,657.922,92.4475
jcc,32,0x26a0,shell,1024,100,74782.3,587.96,36326.2,4.58258,68241.2,4.58258,0.9,converged,276647.0,316.634,772680.0,76.1637,4766.97,5.21486,1087070.0,594.747,290.678,89.165
jcc,32,0x23a0,quick,1024,56,52609.2,392.967,14859.5,39.6398,7150.67,5.66205,0.6,converged,196492.0,217.284,250219.0,368.687,5793.13,10.5991,633325.0,1184.62,4116.45,87.007
jcc,32,0x32f0,bfs,1024,50,64664.9,1258.91,14869.1,75.1857,7151.95,9.49219,0.4,converged,232716.0,1802.9,349172.0,543.137,5738.39,12.1477,714377.0,7917.3,18509.8,4349.76
jcc,32,0x24a0,merge,1024,50,70978.2,5529.4,10240.0,0.0,20480.0,0.0,0.5,converged,260678.0,18866.8,465777.0,11.3109,5196.7,493.94,558696.0,11997.6,124163.0,12922.0
jcc,32,0x2c20,heap,1024,108,53168.5,351.275,28705.3,2.34357,14445.9,2.45386,1.2,converged,198465.0,377.587,308598.0,24.2841,5899.38,3.65681,718862.0,572.905,196.104,54.9836
jcc,32,0x1ca0,bubble,8192,59,59423800.0,325803.0,33541900.0,3908.14,50308900.0,211605.0,3.7,converged,222860000.0,727581.0,402625000.0,418785.0,4999060.0,29784.4,617279000.0,1963980.0,4244420.0,86366.6
jcc,32,0x1dc0,min,8192,87,13998300.0,41392.4,33558500.0,0.0,24546.8,4.10089,1.5,converged,52192300.0,20862.6,201697000.0,929.344,75524.4,243.52,164742000.0,19672.0,41165.9,4391.71
jcc,32,0x1f40,insertion,8192,50,12477800.0,74218.6,16768200.0,68493.3,16768200.0,68493.3,0.8,converged,46356200.0,188734.0,218028000.0,890415.0,8257.66,7.47739,185243000.0,753626.0,12713.8,7049.7
jcc,32,0x26a0,shell,8192,50,904018.0,11345.5,468593.0,173.691,887460.0,173.691,0.5,converged,3358200.0,6443.84,10017100.0,2952.48,51713.4,237.19,13258000.0,16151.8,1538.03,1169.96
jcc,32,0x23a0,quick,8192,100,534503.0,8203.09,152967.0,1019.35,74244.5,120.077,0.8,converged,1943110.0,11885.0,2445040.0,7702.65,56534.4,171.366,6073600.0,48106.6,72449.5,14027.1
jcc,32,0x32f0,bfs,8192,181,613341.0,6763.64,152836.0,1083.31,74222.5,89.9604,1.7,converged,2226730.0,15356.2,3232230.0,7702.12,55524.2,127.297,6654470.0,59227.5,218522.0,35899.1
jcc,32,0x24a0,merge,8192,150,708257.0,48608.5,106496.0,0.0,212992.0,0.0,1.4,converged,2608270.0,166023.0,4220420.0,735.646,56890.6,5002.62,5579200.0,101489.0,1070660.0,126098.0
jcc,32,0x2c20,heap,8192,50,551910.0,6154.85,303258.0,69.2633,140136.0,40.0515,0.4,converged,2019070.0,13147.5,3241870.0,748.452,58412.4,71.8787,7349260.0,22076.1,3114.15,1963.84
jcc,48,0x1ca0,bubble,1024,120,799141.0,5781.82,522893.0,166.587,785907.0,3023.58,1.1,converged,2936540.0,11823.1,6293710.0,6236.85,56089.8,466.329,8185890.0,23776.7,63446.3,1901.22
jcc,48,0x1dc0,min,1024,100,269172.0,3016.12,524799.0,0.0,3049.06,0.999607,0.7,converged,978597.0,3568.83,3190900.0,56.6477,7853.14,27.7203,3039640.0,2451.11,1264.1,308.485
jcc,48,0x1f40,insertion,1024,50,202495.0,2367.97,262973.0,826.373,262973.0,826.373,0.5,converged,751530.0,7425.45,3423740.0,10742.8,1030.37,0.364521,2992160.0,9173.81,450.481,575.976
jcc,48,0x26a0,shell,1024,121,74781.4,471.993,36324.8,5.59569,68239.8,5.59569,1.1,converged,276523.0,433.471,772658.0,89.5541,4764.2,6.29311,1087370.0,733.047,141.323,39.4053
jcc,48,0x23a0,quick,1024,50,52176.2,261.059,14866.5,51.8558,7149.91,7.41471,0.6,converged,196419.0,216.157,250268.0,422.146,5790.15,9.99869,632010.0,2397.25,4083.24,82.1021
jcc,48,0x32f0,bfs,1024,50,63959.2,1706.24,14868.8,62.7284,7151.06,9.12245,0.5,converged,233706.0,3950.49,349160.0,448.795,5735.33,17.3413,707332.0,19258.2,22425.4,11993.9
jcc,48,0x24a0,merge,1024,73,69646.8,3683.64,10240.0,0.0,20480.0,0.0,0.7,converged,258183.0,12729.6,465776.0,8.06722,5138.46,332.952,559756.0,8639.74,122492.0,8691.28
jcc,48,0x2c20,heap,1024,50,53538.9,1276.11,28704.2,3.22064,14445.4,1.48653,0.6,converged,198515.0,247.277,308586.0,33.3931,5899.55,4.96965,718536.0,2161.38,192.112,52.7091
jcc,48,0x1ca0,bubble,8192,50,59161200.0,250818.0,33538600.0,5619.39,50350600.0,163061.0,3.1,converged,222751000.0,878475.0,402679000.0,306668.0,4997910.0,37620.5,616970000.0,2020280.0,4216250.0,74261.6
jcc,48,0x1dc0,min,8192,242,14025900.0,33813.2,33558500.0,0.0,24547.6,2.16793,4.3,converged,52190400.0,18595.0,201698000.0,614.407,75359.6,143.527,164733000.0,10840.5,39895.7,4178.5
jcc,48,0x1f40,insertion,8192,50,12539000.0,123022.0,16772300.0,70862.2,16772300.0,70862.2,0.8,converged,46444600.0,274654.0,218082000.0,921206.0,8261.92,14.822,185272000.0,782449.0,33057.5,30087.6
jcc,48,0x26a0,shell,8192,60,901753.0,9339.61,468589.0,114.758,887456.0,114.758,0.6,converged,3358850.0,8083.97,10017000.0,1939.3,51698.1,90.7712,13255300.0,11803.5,1539.91,846.516
jcc,48,0x23a0,quick,8192,50,532345.0,7644.96,153187.0,1568.87,74230.3,171.436,0.4,converged,1937550.0,16605.8,2446900.0,12110.6,56480.2,246.483,6115690.0,43390.8,61676.7,12785.6
jcc,48,0x32f0,bfs,8192,50,609655.0,8980.89,152596.0,2572.53,74294.5,200.113,0.4,converged,2209460.0,20218.2,3231030.0,18733.0,55580.8,215.26,6695470.0,95836.7,202519.0,53717.6
jcc,48,0x24a0,merge,8192,107,781790.0,78086.0,106496.0,0.0,212992.0,0.0,0.9,converged,2857470.0,265985.0,4219410.0,1526.04,63516.2,10110.7,5428120.0,159604.0,1237170.0,175873.0
jcc,48,0x2c20,heap,8192,121,552287.0,3682.44,303283.0,25.4611,140145.0,12.4257,1.0,converged,2013080.0,1592.15,3242120.0,263.016,58390.0,40.4979,7359400.0,5070.71,2005.61,286.231
jcc,64,0x1cc0,bubble,1024,150,842053.0,8993.14,522851.0,155.102,785985.0,2606.53,1.5,converged,3079010.0,13231.4,6293470.0,5728.78,65194.6,461.322,10045300.0,51113.6,59966.8,1349.52
jcc,64,0x1de0,min,1024,50,268983.0,3357.86,524799.0,0.0,3049.16,1.54707,0.4,converged,974126.0,2394.01,3190910.0,76.0286,7712.6,37.1895,3032850.0,4764.8,1421.62,835.393
jcc,64,0x1f60,insertion,1024,100,202425.0,2418.28,263003.0,611.729,263003.0,611.729,1.0,converged,749617.0,2208.79,3424120.0,7952.7,1031.35,0.613012,2993010.0,6690.18,384.586,281.197
jcc,64,0x26c0,shell,1024,50,75100.3,1323.88,36325.5,8.22486,68240.5,8.22486,0.4,converged,276600.0,860.03,772666.0,135.287,4837.12,26.071,1084600.0,2727.28,126.275,31.5823
jcc,64,0x23c0,quick,1024,61,53303.8,602.706,14843.8,67.4935,7149.59,6.06336,0.7,converged,197529.0,264.523,250057.0,503.039,5859.95,6.44877,635276.0,1821.18,873.181,71.9632
jcc,64,0x3310,bfs,1024,60,66734.0,6617.13,14852.7,55.3316,7149.08,7.67709,0.5,converged,235284.0,3354.35,349012.0,414.986,5774.34,8.49013,684362.0,16615.5,22185.0,10992.1
jcc,64,0x24c0,merge,1024,50,72005.2,7063.48,10240.0,0.0,20480.0,0.0,0.4,converged,264567.0,24277.4,465775.0,11.3345,5191.4,626.269,569646.0,14928.5,121204.0,16588.2
jcc,64,0x2c40,heap,1024,50,52587.3,391.3,28706.8,3.32943,14446.5,1.81341,0.6,converged,197072.0,151.444,308615.0,34.5938,5844.23,4.7268,683851.0,1387.49,136.008,25.6378
jcc,64,0x1cc0,bubble,8192,50,59884700.0,328167.0,33542600.0,3075.78,50292100.0,263297.0,3.2,converged,224915000.0,809555.0,402598000.0,772237.0,5292000.0,33354.2,733922000.0,2206040.0,3222480.0,79387.2
jcc,64,0x1de0,min,8192,119,13976800.0,36979.5,33558500.0,0.0,24548.6,3.9345,2.1,converged,52189700.0,8621.9,201698000.0,812.835,74366.8,200.403,164691000.0,14888.1,39562.7,2252.93
jcc,64,0x1f60,insertion,8192,51,12480800.0,78116.5,16808900.0,71903.0,16808900.0,71903.0,0.8,converged,46488400.0,226175.0,218557000.0,934743.0,8259.61,9.3526,185680000.0,789894.0,26796.9,3903.96
jcc,64,0x26c0,shell,8192,399,892246.0,3122.63,468626.0,45.5834,887493.0,45.5834,5.1,converged,3351190.0,2344.14,10017600.0,765.297,52221.0,55.8284,13204000.0,5671.31,2304.17,176.958
jcc,64,0x23c0,quick,8192,54,528475.0,6142.07,153199.0,1437.2,74225.1,147.92,0.4,converged,1933950.0,11439.2,2446790.0,11427.8,57144.3,243.678,6176100.0,51274.2,17194.7,18114.2
jcc,64,0x3310,bfs,8192,50,610172.0,10654.4,152897.0,1511.8,74233.2,153.581,0.4,converged,2202470.0,15305.6,3232820.0,10914.6,55663.7,213.679,6550910.0,107865.0,135713.0,47528.3
jcc,64,0x24c0,merge,8192,144,763406.0,74311.5,106496.0,0.0,212992.0,0.0,1.3,converged,2795610.0,250333.0,4219810.0,2397.49,60693.3,6452.23,5553190.0,144261.0,1163770.0,167575.0
jcc,64,0x2c40,heap,8192,50,554566.0,6098.15,303277.0,44.826,140144.0,21.8812,0.4,converged,2003990.0,2223.63,3242060.0,466.291,57934.3,40.1336,6993620.0,7783.5,2333.95,776.17
jcc,80,0x1cc0,bubble,1024,54,834713.0,11536.0,522882.0,254.914,785993.0,4464.74,0.5,converged,3071790.0,17278.2,6293770.0,9818.24,65532.4,723.858,10101000.0,55429.7,59064.5,1666.81
jcc,80,0x1de0,min,1024,80,271289.0,15556.3,524799.0,0.0,3049.14,1.13207,0.6,converged,973260.0,759.895,3190890.0,78.11,7726.96,22.2929,3034540.0,1950.22,1059.92,264.721
jcc,80,0x1f60,insertion,1024,51,200859.0,2246.61,262816.0,982.898,262816.0,982.898,0.5,converged,748013.0,2728.15,3421690.0,12777.7,1030.3,0.532585,2990940.0,10777.3,270.252,498.133
jcc,80,0x26c0,shell,1024,100,74909.5,708.013,36326.2,5.04944,68241.2,5.04944,0.9,converged,276316.0,1693.72,772677.0,81.6831,4817.77,14.1705,1083390.0,1506.53,99.3433,17.0274
jcc,80,0x23c0,quick,1024,50,53040.2,603.126,14834.5,49.9874,7153.28,7.97673,0.6,converged,197489.0,243.725,250025.0,378.543,5862.23,9.1084,635544.0,1839.58,895.336,75.7912
jcc,80,0x3310,bfs,1024,50,63931.1,1566.5,14844.6,61.0464,7154.19,7.7537,0.5,converged,234677.0,4644.05,348998.0,448.487,5778.92,11.1262,692921.0,21541.1,17309.0,13314.4
jcc,80,0x24c0,merge,1024,150,73801.0,6164.02,10240.0,0.0,20480.0,0.0,1.4,converged,269944.0,17976.7,465772.0,4.95332,5307.33,457.332,566512.0,10666.6,124190.0,12043.2
jcc,80,0x2c40,heap,1024,82,52875.4,553.948,28705.3,2.5423,14445.8,1.27602,0.9,converged,197687.0,680.206,308597.0,26.3335,5845.04,3.60928,683264.0,1461.71,308.201,142.431
jcc,80,0x1cc0,bubble,8192,100,60018400.0,209358.0,33542700.0,2496.97,50320200.0,142094.0,6.3,converged,225594000.0,592737.0,402655000.0,287672.0,5311410.0,24144.7,734878000.0,1711290.0,3246040.0,52841.8
jcc,80,0x1de0,min,8192,50,14035500.0,64755.4,33558500.0,0.0,24547.1,3.73746,0.8,converged,52172200.0,33191.5,201697000.0,1302.32,74370.6,297.176,164696000.0,26670.7,34664.8,9657.58
jcc,80,0x1f60,insertion,8192,50,12537500.0,78153.8,16792600.0,69088.1,16792600.0,69088.1,0.8,converged,46459200.0,194717.0,218346000.0,898141.0,8258.38,7.93086,185514000.0,759877.0,16724.2,12959.0
jcc,80,0x26c0,shell,8192,100,897424.0,6392.04,468606.0,86.9456,887473.0,86.9456,1.0,converged,3351850.0,5577.15,10017300.0,1465.95,52268.2,120.482,13212000.0,12053.7,1183.62,469.703
jcc,80,0x23c0,quick,8192,50,535118.0,8068.22,152864.0,1555.34,74258.6,176.059,0.4,converged,1948440.0,15220.4,2444370.0,11872.9,57199.3,501.673,6122760.0,63223.9,35583.6,17915.8
jcc,80,0x3310,bfs,8192,100,608363.0,6877.15,153227.0,958.307,74220.1,103.629,0.8,converged,2212600.0,18196.6,3235330.0,6900.54,55613.9,177.251,6499600.0,68455.4,164120.0,44061.4
jcc,80,0x24c0,merge,8192,112,780535.0,75176.8,106496.0,0.0,212992.0,0.0,1.0,converged,2858000.0,255084.0,4219420.0,1973.31,62250.4,6562.92,5527000.0,282922.0,1203090.0,170286.0
jcc,80,0x2c40,heap,8192,50,547930.0,4940.48,303288.0,38.2638,140149.0,17.4867,0.4,converged,2004310.0,3887.89,3242170.0,399.319,57949.9,110.415,6991250.0,17968.9,3302.31,5505.06
jcc,96,0x1ce0,bubble,1024,50,793675.0,7580.49,522898.0,248.574,786053.0,3949.98,0.4,converged,2930420.0,13297.2,6294050.0,8290.76,56004.7,550.697,8189110.0,31126.9,62883.3,1999.14
jcc,96,0x1e00,min,1024,50,269230.0,2575.51,524799.0,0.0,3049.51,1.44992,0.4,converged,976171.0,1060.82,3190870.0,62.7792,7843.75,28.9043,3039240.0,1816.29,1376.77,657.728
jcc,96,0x1f80,insertion,1024,50,200709.0,1778.29,262745.0,721.361,262745.0,721.361,0.5,converged,747896.0,2088.91,3420770.0,9378.86,1029.17,0.455924,2989940.0,7921.85,252.645,119.307
jcc,96,0x26e0,shell,1024,61,75195.6,714.4,36323.4,6.54269,68238.4,6.54269,0.5,converged,277260.0,585.191,772630.0,93.6431,4788.01,7.77493,1089760.0,815.951,147.453,45.8191
jcc,96,0x23e0,quick,1024,50,52762.9,588.266,14866.2,49.5613,7150.46,7.42085,0.6,converged,197173.0,366.815,250269.0,381.667,5818.18,10.2063,633884.0,4275.65,3899.47,131.843
jcc,96,0x3330,bfs,1024,50,64053.3,897.237,14840.7,56.2064,7152.67,9.16277,0.4,converged,233712.0,2249.91,348952.0,408.086,5775.23,11.1198,713907.0,11299.7,20018.6,6890.91
jcc,96,0x24e0,merge,1024,150,72100.7,5299.2,10240.0,0.0,20480.0,0.0,1.4,converged,267381.0,18106.2,465774.0,6.62682,5370.6,471.588,553958.0,10939.8,129539.0,12043.4
jcc,96,0x2c60,heap,1024,200,53118.6,292.286,28705.5,1.79522,14445.9,0.852011,2.4,converged,198105.0,202.551,308600.0,18.7053,5876.99,3.73946,716225.0,753.899,225.204,87.5827
jcc,96,0x1ce0,bubble,8192,250,59626100.0,1425130.0,33541900.0,1956.03,50300400.0,89339.6,16.1,converged,222953000.0,388889.0,402608000.0,179030.0,5000410.0,15881.5,616747000.0,890593.0,4266550.0,38953.7
jcc,96,0x1e00,min,8192,67,14007000.0,77727.1,33558500.0,0.0,24545.5,4.47706,1.2,converged,52267900.0,132665.0,201698000.0,976.352,75358.9,279.521,164719000.0,27021.0,65454.0,32803.9
jcc,96,0x1f80,insertion,8192,50,12521000.0,98844.7,16802200.0,83602.4,16802200.0,83602.4,0.8,converged,46522100.0,255581.0,218470000.0,1086830.0,8253.88,9.2136,185602000.0,917454.0,33614.2,21225.9
jcc,96,0x26e0,shell,8192,55,907833.0,8039.62,468588.0,112.47,887455.0,112.47,0.6,converged,3364480.0,7893.96,10017000.0,1898.47,51959.3,97.2144,13277200.0,30642.0,1416.31,1281.4
jcc,96,0x23e0,quick,8192,50,531311.0,9660.51,153023.0,1364.37,74233.3,179.734,0.4,converged,1932650.0,10234.8,2445370.0,10858.4,56631.3,309.681,6131890.0,56312.0,50809.0,29231.4
jcc,96,0x3330,bfs,8192,55,611765.0,9134.35,153071.0,3643.33,74227.0,176.635,0.4,converged,2219560.0,22681.1,3234150.0,23505.6,55645.2,212.411,6679250.0,123970.0,212501.0,72196.1
jcc,96,0x24e0,merge,8192,51,694415.0,68450.3,106496.0,0.0,212992.0,0.0,0.4,converged,2559500.0,231932.0,4220640.0,849.528,55657.6,6060.94,5563730.0,148071.0,1058750.0,152268.0
jcc,96,0x2c60,heap,8192,50,550756.0,6519.97,303271.0,42.8455,140138.0,19.2618,0.4,converged,2011020.0,9033.03,3242010.0,447.699,58099.7,63.9277,7326250.0,30023.7,2685.27,1147.41
jcc,112,0x1ce0,bubble,1024,50,792192.0,6874.27,522897.0,249.696,785489.0,4515.95,0.4,converged,2925380.0,16911.7,6292900.0,10558.3,55793.6,669.472,8178190.0,26997.4,62355.0,2914.63
jcc,112,0x1e00,min,1024,50,268562.0,2583.91,524799.0,0.0,3049.51,1.22293,0.4,converged,977693.0,3875.49,3190880.0,94.3837,7854.02,39.5866,3039580.0,2492.23,1244.27,537.796
jcc,112,0x1f80,insertion,1024,148,201359.0,1648.76,262941.0,469.444,262941.0,469.444,1.5,converged,749029.0,1698.29,3423320.0,6102.63,1029.14,0.274014,2991810.0,5174.83,354.685,321.205
jcc,112,0x26e0,shell,1024,50,74881.6,867.843,36325.6,8.06235,68240.6,8.06235,0.4,converged,277051.0,464.287,772672.0,133.453,4789.62,7.97882,1089600.0,958.112,135.407,54.9581
jcc,112,0x23e0,quick,1024,100,52602.6,285.97,14854.7,32.823,7150.76,4.13988,1.1,converged,197101.0,156.686,250173.0,261.846,5819.66,5.78382,634529.0,1070.37,3890.91,45.9216
jcc,112,0x3330,bfs,1024,50,63669.9,1330.62,14864.7,44.0722,7149.15,8.9641,0.5,converged,233560.0,2029.0,349108.0,359.866,5770.44,17.5689,714686.0,11189.4,19766.1,6502.07
jcc,112,0x24e0,merge,1024,52,71359.2,7100.65,10240.0,0.0,20480.0,0.0,0.4,converged,264257.0,25195.0,465782.0,14.2708,5292.35,658.094,556309.0,15269.8,127823.0,16574.7
jcc,112,0x2c60,heap,1024,321,52739.4,179.211,28705.0,1.48824,14445.8,0.7148,4.2,converged,198367.0,848.034,308596.0,15.5807,5878.83,5.49558,714839.0,5524.96,278.258,72.9549
jcc,112,0x1ce0,bubble,8192,50,59166400.0,266954.0,33540000.0,5645.65,50314400.0,232356.0,3.1,converged,222708000.0,803071.0,402619000.0,480827.0,4995770.0,32312.5,616697000.0,3097840.0,4251810.0,108996.0
jcc,112,0x1e00,min,8192,89,14055200.0,71360.6,33558500.0,0.0,24547.1,3.2406,1.6,converged,52209900.0,33059.0,201697000.0,655.875,75414.2,273.876,164728000.0,21249.9,47661.1,10496.8
jcc,112,0x1f80,insertion,8192,52,12452300.0,51264.1,16770000.0,83788.0,16770000.0,83788.0,0.8,converged,46392000.0,227249.0,218051000.0,1089240.0,8252.6,6.89677,185235000.0,922472.0,40815.4,2784.06
jcc,112,0x26e0,shell,8192,50,910545.0,18734.6,468562.0,99.8258,887429.0,99.8258,0.5,converged,3364100.0,9753.87,10016500.0,1670.42,51936.3,100.979,13279100.0,12372.1,1426.61,1791.67
jcc,112,0x23e0,quick,8192,297,530639.0,10333.4,152441.0,534.434,74312.8,64.185,2.8,converged,1933120.0,3579.53,2441460.0,4159.9,56778.2,97.4679,6153170.0,23174.7,46835.0,14245.8
jcc,112,0x3330,bfs,8192,51,608544.0,8092.5,152497.0,1349.32,74312.8,148.695,0.4,converged,2218590.0,18325.8,3230420.0,9618.01,55726.6,245.497,6686070.0,89195.9,210727.0,54127.3
jcc,112,0x24e0,merge,8192,168,796760.0,79661.2,106496.0,0.0,212992.0,0.0,1.5,converged,2909550.0,263990.0,4219170.0,1069.59,64838.3,6898.13,5362980.0,153191.0,1285450.0,172316.0
jcc,112,0x2c60,heap,8192,50,551570.0,5190.79,303287.0,49.4862,140150.0,24.5207,0.4,converged,2008240.0,2400.23,3242170.0,516.235,58083.5,44.4599,7340840.0,9147.94,2047.21,668.735
