sort,n,rounds,time_ns,time_ci_ns,compares,compares_ci,moves,moves_ci,session_s,status
quick,2,50,13.7433,0.227561,3.46,0.286162,1.38,0.858486,0.7,converged
quicki,2,50,99.891,0.466638,3.58,0.240588,1.74,0.721763,0.4,converged
bfs,2,50,38.6783,0.181332,3.56,0.225712,1.68,0.677137,0.4,converged
merge,2,50,31.3475,0.250575,2.0,6.25091e-310,4.0,0.0,0.3,converged
heap,2,56,13.8804,0.0453153,6.57143,0.311538,7.57143,0.311538,0.8,converged
min,2,50,13.1442,0.113846,2.0,6.25672e-310,1.32,0.855023,0.7,converged
bubble,2,50,8.28132,0.0348923,1.0,6.30161e-310,1.74,0.850151,0.6,converged
shaker,2,50,10.1898,0.0279435,1.38,0.278692,1.14,0.836075,0.6,converged
insertion,2,50,7.1564,0.0210197,1.58,0.211135,1.58,0.211135,1.1,converged
binsert,2,50,9.3923,0.0433057,1.0,6.80271e-310,1.5,0.287082,0.6,converged
shell,2,50,68.237,0.673501,1.38,0.288593,2.38,0.288593,0.3,converged
quick,3,50,25.9942,0.203184,8.02,0.480243,3.6,1.19338,0.6,converged
quicki,3,50,122.873,2.00179,7.98,0.466312,3.36,1.22479,0.4,converged
bfs,3,81,59.3216,0.692827,7.91358,0.267268,3.37037,0.736328,0.9,converged
merge,3,60,62.6165,0.347972,5.0,6.35572e-310,10.0,0.0,0.4,converged
heap,3,50,23.7204,0.79499,11.24,0.404564,13.24,0.404564,0.6,converged
min,3,50,26.4232,0.137978,5.0,6.83536e-310,3.24,1.35725,0.6,converged
bubble,3,100,15.6561,0.111119,2.84,0.146218,4.47,1.15383,1.0,converged
shaker,3,50,18.9354,0.155218,3.6,0.511021,4.2,1.33414,0.5,converged
insertion,3,50,14.5568,0.179425,3.58,0.563618,3.58,0.563618,0.9,converged
binsert,3,50,19.6377,0.289822,2.6,0.281282,3.66,0.54603,0.5,converged
shell,3,78,77.1901,0.573122,4.20513,0.284813,7.20513,0.284813,0.6,converged
quick,4,50,39.5393,0.318866,13.12,0.495336,5.82,1.26154,0.5,converged
quicki,4,50,143.173,0.738321,13.22,0.772975,6.18,1.28293,0.3,converged
bfs,4,50,82.3956,2.28881,13.02,0.732737,5.34,1.79155,0.4,converged
merge,4,59,109.169,10.877,8.0,6.83041e-310,16.0,0.0,0.6,converged
heap,4,100,37.7156,0.497586,22.1,0.64435,22.14,0.359236,0.9,converged
min,4,300,35.4094,0.0939053,9.0,6.40694e-310,5.75,0.539,2.8,converged
bubble,4,150,23.9122,0.117311,5.53333,0.252636,8.9,1.49388,2.1,converged
shaker,4,83,31.2389,0.180076,7.03614,0.315845,9.25301,1.82096,0.7,converged
insertion,4,100,23.2535,0.186296,5.93,0.574193,5.93,0.574193,1.4,converged
binsert,4,50,33.0298,0.221877,4.66,0.271987,6.2,0.688997,0.4,converged
shell,4,171,88.2118,0.324887,7.98246,0.268993,13.9825,0.268993,1.5,converged
quick,6,50,76.52,0.980696,25.06,1.66216,11.04,2.19075,0.4,converged
quicki,6,77,197.868,1.11261,24.8831,1.10612,11.2208,1.3329,0.7,converged
bfs,6,50,135.722,0.882566,25.04,1.27335,10.68,1.65789,0.3,converged
merge,6,151,167.857,0.739468,16.0,6.89341e-310,32.0,0.0,1.2,converged
heap,6,100,69.9945,0.398342,41.44,0.980731,38.06,0.546342,0.8,converged
min,6,100,63.5544,0.244811,20.0,6.79397e-310,10.71,1.08687,0.8,converged
bubble,6,50,54.8033,0.55308,14.08,0.721676,24.12,4.4206,0.6,converged
shaker,6,50,60.5757,0.285201,15.76,1.09278,21.18,4.64,0.7,converged
insertion,6,50,45.1767,0.506624,12.76,1.70954,12.76,1.70954,0.6,converged
binsert,6,136,63.4696,0.236366,9.75735,0.281499,12.7132,0.903428,1.0,converged
shell,6,50,114.366,2.07987,18.08,0.814129,32.08,0.814129,0.5,converged
quick,8,50,128.389,0.94194,38.14,1.84095,16.74,2.5102,0.3,converged
quicki,8,200,265.91,2.49299,38.05,0.881775,17.16,0.992965,1.3,converged
bfs,8,115,216.409,1.85156,37.7478,0.853545,16.3565,1.34746,1.1,converged
merge,8,50,244.59,2.20057,24.0,6.67922e-310,48.0,0.0,0.5,converged
heap,8,50,109.819,0.864418,63.18,2.07555,54.94,1.07361,0.6,converged
min,8,50,101.337,0.887448,35.0,6.34373e-310,15.84,1.65359,0.5,converged
bubble,8,50,104.339,0.968289,25.82,1.70292,39.6,6.4173,0.6,converged
shaker,8,50,107.229,1.55508,27.64,1.61486,40.62,7.113,0.6,converged
insertion,8,50,70.9406,0.760296,21.88,2.01615,21.88,2.01615,0.4,converged
binsert,8,50,106.563,0.800873,15.52,0.503696,21.94,2.29496,0.6,converged
shell,8,50,157.614,0.754578,30.56,0.961858,54.56,0.961858,0.4,converged
quick,11,50,220.671,1.14789,60.74,3.08302,25.98,1.75136,0.5,converged
quicki,11,79,388.437,1.89653,58.7342,1.30522,25.7468,2.38833,0.7,converged
bfs,11,50,347.127,3.64435,59.04,2.69052,26.46,4.06202,0.4,converged
merge,11,50,374.043,2.29623,39.0,6.23858e-310,78.0,0.0,0.4,converged
heap,11,50,185.87,0.404364,99.7,1.93977,80.82,1.08752,0.5,converged
min,11,50,190.229,0.498212,65.0,6.91508e-310,23.4,3.2799,0.5,converged
bubble,11,50,203.079,1.96706,50.96,2.308,77.1,12.0094,0.5,converged
shaker,11,50,210.041,0.660109,51.68,4.37897,78.0,16.372,0.5,converged
insertion,11,650,110.166,0.726728,37.3754,0.981604,37.3754,0.981604,8.9,converged
binsert,11,50,183.244,1.28298,25.78,0.728895,36.66,3.88817,0.5,converged
shell,11,87,231.858,1.06957,54.977,0.937445,98.977,0.937445,0.9,converged
quick,16,50,389.529,2.6896,99.32,3.67185,44.76,4.30058,0.5,converged
quicki,16,150,591.443,2.43671,98.1067,2.44059,44.32,2.2519,1.0,converged
bfs,16,61,570.016,15.5199,97.9508,3.49218,44.6066,3.33704,0.4,converged
merge,16,118,591.679,1.77299,64.0,6.18129e-310,128.0,0.0,0.8,converged
heap,16,50,342.835,2.31715,169.76,2.83048,128.56,1.435,0.4,converged
min,16,150,388.14,1.34615,135.0,6.69469e-310,37.76,1.37287,1.4,converged
bubble,16,98,424.764,2.9731,113.082,3.56657,181.867,13.4091,0.9,converged
shaker,16,100,427.829,4.96278,108.28,4.0604,176.19,13.5613,1.0,converged
insertion,16,78,183.216,0.795926,75.4231,4.70954,75.4231,4.70954,0.8,converged
binsert,16,114,345.791,2.7299,44.9474,0.475718,74.5351,3.97163,1.0,converged
shell,16,100,368.846,1.71242,102.52,1.35503,185.52,1.35503,0.9,converged
quick,23,50,637.763,3.90336,156.84,5.48964,74.4,13.2641,0.4,converged
quicki,23,150,900.934,3.23693,158.553,3.52322,72.7,2.57325,1.4,converged
bfs,23,50,883.847,7.89912,158.84,8.8005,72.78,4.30638,0.5,converged
merge,23,62,931.377,10.7525,106.0,6.66142e-310,212.0,0.0,0.6,converged
heap,23,58,581.999,38.8464,273.879,3.89821,196.121,1.99962,0.4,converged
min,23,82,694.179,2.08334,275.0,6.4226e-310,58.0976,1.9661,0.7,converged
bubble,23,150,834.432,2.98933,240.807,4.18989,379.06,17.4775,1.4,converged
shaker,23,150,814.425,2.80393,221.333,6.17232,376.84,17.8223,1.3,converged
insertion,23,53,299.594,1.27157,145.283,9.33209,145.283,9.33209,0.4,converged
binsert,23,50,630.883,2.17818,75.14,1.22738,149.8,13.1863,0.4,converged
shell,23,50,575.406,1.73465,184.98,2.65776,335.98,2.65776,0.3,converged
quick,32,55,970.576,12.7191,242.745,12.0056,113.4,4.51617,0.6,converged
quicki,32,50,1311.89,5.84864,241.08,7.3064,112.02,5.15149,0.4,converged
bfs,32,50,1295.89,8.19827,242.4,8.19588,110.88,6.60984,0.4,converged
merge,32,50,1360.37,3.74046,160.0,6.11048e-310,320.0,0.0,0.4,converged
heap,32,53,903.687,6.44684,424.094,4.10472,289.019,1.96557,0.5,converged
min,32,50,1129.18,4.0404,527.0,6.72776e-310,84.18,4.03622,0.3,converged
bubble,32,86,1539.51,9.4823,479.86,7.72406,754.186,21.9678,0.7,"converged, stopped"
shaker,32,50,1479.51,2.68723,417.56,17.0008,732.96,40.9042,0.4,"converged, stopped"
insertion,32,50,474.225,2.46822,279.1,13.5522,279.1,13.5522,0.6,converged
binsert,32,100,1028.44,2.29161,119.38,0.648475,277.34,7.80214,0.6,converged
shell,32,50,875.753,13.0264,307.7,2.94843,561.7,2.94843,0.5,converged
quick,45,100,1465.91,5.06025,371.81,13.7827,173.49,4.47077,0.8,converged
quicki,45,51,1976.49,5.27171,368.235,13.3207,171.647,2.96685,0.3,converged
bfs,45,90,1926.19,23.9488,369.856,6.03507,173.1,4.80452,0.9,converged
merge,45,104,2062.73,6.05294,251.0,6.38681e-310,502.0,0.0,0.6,converged
heap,45,114,1397.2,3.13934,663.281,3.78217,430.421,1.84593,0.9,converged
min,45,150,1826.25,5.75818,1034.0,6.84504e-310,122.06,1.62967,1.5,converged
insertion,45,50,777.544,3.28586,532.08,25.681,532.08,25.681,0.5,converged
binsert,45,167,1654.86,4.16948,189.048,0.84571,534.078,15.466,1.5,converged
shell,45,132,1353.36,5.72114,516.652,2.02353,948.652,2.02353,1.0,converged
quick,64,50,2234.0,28.7393,565.94,20.0959,270.6,9.87441,0.3,converged
quicki,64,174,2902.55,19.5,571.034,9.64689,268.241,4.45309,1.4,converged
bfs,64,50,2871.16,45.1371,572.64,16.9707,271.62,8.03657,0.4,converged
merge,64,50,3043.98,27.4433,384.0,6.66379e-310,768.0,0.0,0.4,converged
heap,64,111,2179.66,16.7649,1035.81,4.45605,645.676,2.10817,0.7,converged
min,64,114,2998.19,10.9207,2079.0,6.76689e-310,177.132,1.65666,0.9,converged
insertion,64,50,1334.61,6.98522,1067.72,60.4246,1067.72,60.4246,0.4,converged
binsert,64,62,2649.37,8.92808,299.435,1.78951,1084.45,49.6117,0.4,converged
shell,64,106,2105.92,5.08823,860.689,3.57528,1584.69,3.57528,0.7,converged
quick,91,122,3353.62,5.85426,874.811,17.2774,417.148,5.81011,1.1,converged
quicki,91,144,4264.2,9.26126,881.458,20.6313,415.021,5.45383,0.9,converged
bfs,91,50,4287.78,103.32,883.24,36.5435,412.32,5.17155,0.3,converged
merge,91,53,4670.02,56.1814,600.0,6.90132e-310,1200.0,0.0,0.3,converged
heap,91,100,3335.3,9.47056,1614.73,5.92193,967.57,2.79887,0.9,converged
min,91,50,4947.9,54.6225,4185.0,6.36077e-310,257.22,2.67798,0.3,"converged, stopped"
insertion,91,54,2375.98,35.1586,2164.13,67.9147,2164.13,67.9147,0.4,converged
binsert,91,68,4215.97,22.6765,469.706,2.06015,2144.79,60.5909,0.4,converged
shell,91,150,3350.92,32.1312,1428.9,3.54222,2640.9,3.54222,1.4,converged
quick,128,127,4987.69,26.6038,1333.31,29.4988,626.693,7.84863,0.9,converged
quicki,128,50,6250.3,39.6778,1328.76,49.494,626.64,17.2202,0.4,converged
bfs,128,51,6220.2,59.326,1315.22,37.1936,625.882,12.8073,0.4,converged
merge,128,57,6719.24,30.5509,896.0,6.44068e-310,1792.0,0.0,0.5,converged
heap,128,250,5074.0,16.5847,2444.47,4.33033,1420.15,2.15401,1.8,converged
insertion,128,122,4177.39,26.1606,4159.91,84.2516,4159.91,84.2516,0.7,converged
binsert,128,100,6496.49,87.8172,723.31,1.5444,4222.05,95.3038,0.9,converged
shell,128,50,5166.17,59.4422,2303.44,8.14679,4270.44,8.14679,0.4,converged
quick,181,50,7411.75,38.6863,1996.2,162.488,947.94,21.2504,0.5,converged
quicki,181,200,9125.03,47.9265,2002.64,35.8843,950.61,7.33922,1.3,converged
bfs,181,50,9355.53,288.398,1999.18,72.4446,953.1,16.5727,0.3,converged
merge,181,69,10239.3,329.824,1373.0,6.3918e-310,2746.0,0.0,0.5,converged
heap,181,200,7744.57,37.2468,3742.24,6.16648,2105.62,2.92588,2.0,converged
insertion,181,50,7724.22,131.29,8366.7,156.647,8366.7,156.647,0.5,converged
binsert,181,50,9971.21,42.0594,1111.2,3.2514,8295.74,494.019,0.3,converged
shell,181,97,8071.36,62.9637,3717.38,7.4298,6906.38,7.4298,0.6,converged
quick,256,122,10999.2,83.6704,3017.89,67.2915,1427.53,16.7462,0.9,converged
quicki,256,50,13681.4,410.874,2973.38,104.833,1435.98,27.9165,0.4,converged
bfs,256,50,13597.0,98.8337,3034.84,124.513,1434.42,26.6294,0.4,converged
merge,256,50,14890.4,821.98,2048.0,6.56745e-310,4096.0,0.0,0.5,converged
heap,256,50,11660.7,42.7691,5648.54,27.2902,3099.26,9.95813,0.4,converged
insertion,256,50,14418.1,235.511,16794.9,379.364,16794.9,379.364,0.5,converged
binsert,256,93,15662.8,723.653,1698.23,2.66394,16568.5,264.317,0.9,converged
shell,256,454,12476.7,28.5064,5917.28,4.54796,11023.3,4.54796,4.1,converged
quick,362,79,16256.6,92.7718,4520.75,113.707,2148.68,22.249,0.5,converged
quicki,362,50,19495.6,128.967,4468.08,120.235,2164.02,23.331,0.3,converged
bfs,362,50,19753.9,251.957,4480.5,108.611,2152.08,25.6987,0.3,converged
merge,362,174,21987.4,29.3971,3108.0,6.93817e-310,6216.0,0.0,1.3,converged
heap,362,50,17388.3,63.0829,8564.62,17.73,4575.78,8.64935,0.3,converged
insertion,362,50,27368.4,259.091,32994.1,850.59,32994.1,850.59,0.4,"converged, stopped"
binsert,362,50,23902.1,87.1797,2580.5,4.49941,32825.2,882.012,0.4,"converged, stopped"
shell,362,200,19391.0,79.8782,9438.95,9.3977,17625.0,9.3977,1.4,converged
quick,512,50,23919.7,95.0638,6711.42,177.41,3216.12,28.9555,0.4,converged
quicki,512,50,28510.2,177.444,6735.18,221.603,3217.98,35.6196,0.5,converged
bfs,512,50,28714.6,45.1023,6748.76,177.424,3226.08,31.813,0.5,converged
merge,512,168,31811.7,289.416,4608.0,6.63813e-310,9216.0,0.0,1.0,converged
heap,512,50,25901.5,97.9137,12822.8,27.038,6710.6,13.1259,0.4,converged
shell,512,62,29930.8,205.644,14823.0,22.8746,27743.0,22.8746,0.6,converged
quick,724,61,35345.6,264.85,10036.7,237.244,4811.02,43.5023,0.4,converged
quicki,724,159,41676.0,196.474,9956.71,136.581,4815.19,23.9721,1.1,converged
bfs,724,50,41972.8,175.913,9976.1,285.342,4828.74,39.4283,0.3,converged
merge,724,67,47505.9,318.113,6940.0,6.91983e-310,13880.0,0.0,0.5,converged
heap,724,100,38085.9,99.5082,19295.0,16.6262,9879.97,7.46304,0.7,converged
shell,724,100,46090.7,140.802,23259.7,21.4145,43611.7,21.4145,0.8,converged
quick,1024,50,51918.0,526.759,14667.7,427.362,7144.26,49.0376,0.4,converged
quicki,1024,94,61036.3,524.428,14889.7,289.21,7136.3,48.3028,0.9,converged
bfs,1024,97,61134.1,233.709,14757.3,241.154,7151.75,43.2316,0.9,converged
merge,1024,50,68230.6,530.444,10240.0,6.82259e-310,20480.0,0.0,0.3,converged
heap,1024,50,57145.2,1112.29,28706.8,25.7716,14445.4,11.7074,0.4,converged
shell,1024,50,71618.8,711.719,36324.0,35.3388,68239.0,35.3388,0.3,"converged, stopped"
quick,1448,50,76634.7,1162.42,21863.9,491.878,10622.9,72.8832,0.3,converged
quicki,1448,50,89020.5,735.882,21953.6,418.894,10644.4,63.4181,0.4,converged
bfs,1448,63,89468.9,955.234,22132.5,741.309,10596.4,70.1221,0.5,converged
merge,1448,50,103856.0,4836.14,15328.0,6.40326e-310,30656.0,0.0,0.4,converged
heap,1448,100,82942.0,570.82,42902.9,24.0305,21199.8,11.5994,0.7,converged
quick,2048,202,111690.0,2003.33,32574.9,345.665,15728.4,46.3133,1.9,converged
quicki,2048,168,129424.0,744.432,32640.9,396.614,15738.3,45.6136,1.0,converged
bfs,2048,67,129812.0,874.421,32264.1,647.871,15769.6,84.1117,0.4,converged
merge,2048,50,145316.0,569.788,22528.0,6.21454e-310,45056.0,0.0,0.3,converged
heap,2048,50,122069.0,1942.34,63535.5,43.4044,30937.8,20.5053,0.5,converged
quick,2896,100,162751.0,777.431,48276.0,812.67,23204.5,105.695,0.7,converged
quicki,2896,50,188365.0,2023.34,47857.9,836.93,23251.3,122.997,0.4,converged
bfs,2896,150,188963.0,594.084,48085.8,649.152,23215.5,81.3062,1.2,converged
merge,2896,100,216302.0,991.919,33552.0,6.59289e-310,67104.0,0.0,0.9,converged
heap,2896,150,177694.0,1064.66,94491.8,29.7965,45302.3,12.9545,1.1,converged
quick,4096,196,237672.0,950.133,70772.4,701.505,34269.9,91.2533,1.9,converged
quicki,4096,50,273130.0,1989.19,70093.3,1324.87,34374.8,165.529,0.3,converged
bfs,4096,55,274230.0,1796.07,70947.6,1260.13,34276.4,165.372,0.3,converged
merge,4096,50,309276.0,1463.88,49152.0,6.11624e-310,98304.0,0.0,0.3,converged
heap,4096,50,260970.0,1867.65,139356.0,29.9501,65977.2,60.0675,0.3,converged
quick,5793,100,346253.0,1331.65,103862.0,1226.4,50507.8,142.359,0.8,converged
quicki,5793,100,396107.0,1106.46,104221.0,1365.19,50518.0,170.277,0.8,converged
bfs,5793,110,399377.0,2394.75,104806.0,1502.67,50419.6,168.207,0.9,converged
merge,5793,74,459516.0,1743.07,72910.0,6.46131e-310,145820.0,0.0,0.7,converged
heap,5793,50,379898.0,958.987,206369.0,76.5071,96403.5,34.398,0.4,converged
quick,8192,89,504567.0,1076.84,152490.0,2203.41,74313.1,259.244,0.6,converged
quicki,8192,50,576660.0,3841.76,152709.0,2757.4,74343.5,332.231,0.3,converged
bfs,8192,54,585588.0,1380.77,152220.0,2698.96,74281.8,361.167,0.4,converged
merge,8192,50,653960.0,1761.26,106496.0,6.09421e-310,212992.0,0.0,0.4,converged
heap,8192,50,559359.0,7219.33,303314.0,89.7995,140160.0,42.2459,0.3,converged
quick,11585,118,735122.0,3788.94,223025.0,2359.49,109152.0,263.975,1.0,converged
quicki,11585,109,834738.0,4013.25,223846.0,2744.05,109095.0,282.918,1.0,converged
bfs,11585,50,849842.0,2806.66,225015.0,4763.15,109025.0,278.254,0.5,converged
merge,11585,50,970512.0,3265.5,157391.0,6.86829e-310,314782.0,0.0,0.5,converged
heap,11585,50,817708.0,1931.98,447437.0,173.397,204384.0,47.5289,0.5,converged
quick,16384,53,1064600.0,3763.42,328057.0,4706.15,159866.0,597.173,0.4,converged
quicki,16384,50,1210290.0,10735.2,328938.0,6809.03,159859.0,779.485,0.4,converged
bfs,16384,79,1228880.0,3540.8,331125.0,5925.36,159777.0,832.048,0.6,converged
merge,16384,50,1388510.0,14599.1,229376.0,6.53484e-310,458752.0,0.0,0.4,converged
heap,16384,66,1202030.0,5940.12,655713.0,129.098,296674.0,40.3617,0.5,converged
quick,23170,50,1553670.0,6688.14,479051.0,8633.31,234413.0,1012.63,0.5,converged
quicki,23170,67,1782090.0,125591.0,479499.0,5823.01,234286.0,1024.41,0.7,converged
bfs,23170,500,1823350.0,172978.0,481647.0,2777.66,233947.0,298.457,6.0,converged
merge,23170,99,2100850.0,11839.3,337952.0,6.70025e-310,675904.0,0.0,0.8,converged
heap,23170,50,1768300.0,29017.8,964280.0,161.522,431881.0,74.6962,0.5,converged
quick,32768,52,2251600.0,16749.7,703176.0,13105.9,341832.0,1321.13,0.5,converged
quicki,32768,116,2541610.0,15748.1,705699.0,7509.69,342154.0,890.871,1.1,converged
bfs,32768,50,2651640.0,11152.4,702279.0,12294.9,342618.0,1348.41,0.5,converged
merge,32768,55,2985310.0,5581.53,491520.0,6.95111e-310,983040.0,0.0,0.6,converged
heap,32768,50,2583410.0,13628.7,1409720.0,192.705,626136.0,91.7486,0.5,converged
quick,46341,63,3265330.0,23777.6,1020040.0,12793.7,500821.0,1509.4,0.8,converged
quicki,46341,78,3671500.0,27083.5,1021900.0,13206.6,500330.0,1571.29,1.1,converged
bfs,46341,100,3825320.0,14658.5,1023470.0,11860.9,500432.0,1405.24,1.4,converged
merge,46341,50,4389270.0,13490.5,722261.0,6.26886e-310,1444520.0,0.0,0.8,converged
heap,46341,51,3771440.0,9534.16,2067650.0,216.972,910142.0,100.467,0.7,converged
quick,65536,50,4740440.0,22431.5,1496770.0,21154.7,730593.0,2143.93,0.9,converged
quicki,65536,50,5293360.0,31213.8,1493970.0,37345.5,730541.0,2835.14,1.0,converged
bfs,65536,50,5524180.0,27419.7,1500080.0,23437.7,730056.0,2393.63,1.0,converged
merge,65536,50,6287580.0,66150.1,1048580.0,6.72156e-310,2097150.0,0.0,1.1,converged
heap,65536,50,5570870.0,33493.0,3015880.0,271.16,1317720.0,107.042,1.0,converged
quick,92682,50,6885850.0,71344.9,2168560.0,30018.1,1065550.0,3579.98,1.3,converged
quicki,92682,52,7689230.0,141509.0,2181190.0,26813.3,1065590.0,3440.76,1.5,converged
bfs,92682,200,8032120.0,62138.2,2177700.0,16907.8,1065050.0,1853.88,5.8,converged
merge,92682,62,9203220.0,58680.6,1537200.0,6.38553e-310,3074410.0,0.0,1.9,converged
heap,92682,50,8175250.0,53607.1,4413270.0,262.011,1912930.0,82.3538,1.4,converged
quick,131072,50,9955290.0,69504.9,3170950.0,47999.3,1551470.0,5451.62,1.9,converged
quicki,131072,100,11052900.0,42003.3,3167300.0,39651.1,1551860.0,3721.71,4.0,converged
bfs,131072,100,11526500.0,41091.3,3178950.0,34853.1,1550840.0,3402.41,4.1,converged
merge,131072,51,13154700.0,25421.8,2228220.0,6.44659e-310,4456450.0,0.0,2.3,converged
heap,131072,100,12295300.0,819096.0,6425080.0,249.951,2766590.0,116.143,4.3,converged
quick,185364,53,14335500.0,61442.6,4594110.0,39718.2,2258920.0,7990.14,2.9,converged
quicki,185364,99,16002200.0,79481.6,4637340.0,52694.8,2256990.0,5851.9,5.7,converged
bfs,185364,100,16663200.0,55692.8,4599120.0,53237.8,2259980.0,6155.89,5.9,converged
merge,185364,62,19713000.0,1451480.0,3259770.0,6.27557e-310,6519540.0,0.0,4.0,converged
heap,185364,50,18167300.0,1449570.0,9382760.0,450.286,4011280.0,236.247,3.1,converged
quick,262144,50,20781300.0,138379.0,6685540.0,89756.6,3285820.0,9652.74,3.9,converged
quicki,262144,50,23006600.0,105956.0,6700100.0,97890.7,3286300.0,9705.64,4.1,converged
bfs,262144,50,24067700.0,118814.0,6719110.0,44171.2,3281290.0,6977.79,4.2,converged
merge,262144,50,27782200.0,193866.0,4718590.0,6.80236e-310,9437180.0,0.0,4.6,converged
heap,262144,77,27074800.0,2702690.0,13636900.0,425.15,5795430.0,163.537,7.0,converged
quick,370728,161,30328700.0,588350.0,9750850.0,90774.7,4773660.0,9098.56,18.2,converged
quicki,370728,192,33539500.0,1176320.0,9727060.0,67987.0,4774980.0,7404.42,23.0,converged
bfs,370728,50,34779100.0,238787.0,9767060.0,129104.0,4769620.0,14315.4,6.1,converged
merge,370728,118,40972100.0,1398460.0,6890270.0,6.6232e-310,13780500.0,0.0,16.0,converged
heap,370728,150,38684700.0,284694.0,19877900.0,309.299,8393420.0,141.691,19.4,converged
quick,524288,54,43460900.0,303818.0,14126600.0,156304.0,6933770.0,16924.5,8.8,converged
quicki,524288,54,47885800.0,243333.0,14128400.0,175548.0,6935600.0,19516.0,9.2,converged
bfs,524288,50,50379600.0,1819900.0,14178100.0,199811.0,6929430.0,20923.1,8.8,converged
merge,524288,100,58069300.0,235142.0,9961470.0,6.29082e-310,19922900.0,0.0,19.2,converged
heap,524288,50,56971400.0,1153490.0,28846600.0,691.462,12115100.0,338.423,9.5,converged
quick,741455,69,63341400.0,2340320.0,20551100.0,213892.0,10061200.0,23495.3,16.1,converged
quicki,741455,100,69163900.0,216771.0,20475300.0,149405.0,10063700.0,19236.4,24.8,converged
bfs,741455,50,72105500.0,308218.0,20495000.0,275494.0,10062900.0,27424.0,12.6,converged
merge,741455,50,85359500.0,2512990.0,14522000.0,6.82896e-310,29044000.0,0.0,14.1,converged
heap,741455,50,83098400.0,157794.0,41979800.0,705.705,17528200.0,341.488,13.7,converged
quick,1048576,50,91769000.0,4422680.0,29764600.0,432065.0,14579400.0,54200.3,16.9,converged
quicki,1048576,50,99988400.0,2032610.0,29853900.0,400055.0,14582000.0,45158.7,17.8,converged
bfs,1048576,50,105817000.0,5606690.0,29891200.0,396898.0,14585100.0,41684.4,18.2,converged
merge,1048576,50,122638000.0,6358250.0,20971500.0,6.61807e-310,41943000.0,0.0,20.1,converged
heap,1048576,50,123207000.0,1844830.0,60838300.0,972.557,25278600.0,475.9,20.1,converged
quick,1482910,50,131112000.0,1941190.0,42868000.0,637975.0,21173700.0,85883.6,24.4,converged
quicki,1482910,50,143783000.0,1313900.0,43242800.0,544588.0,21135000.0,57810.4,25.8,converged
bfs,1482910,50,153024000.0,2422600.0,43115500.0,557056.0,21145200.0,43289.1,26.5,converged
merge,1482910,50,178764000.0,7314170.0,30526900.0,6.73682e-310,61053700.0,0.0,29.3,converged
heap,1482910,58,183163000.0,1806790.0,88408300.0,981.629,36539300.0,489.889,34.3,converged
quick,2097152,50,190563000.0,8137520.0,62345600.0,703463.0,30649500.0,70883.1,35.1,converged
quicki,2097152,50,208682000.0,7483140.0,62387600.0,683681.0,30657800.0,64749.9,36.9,converged
bfs,2097152,52,222622000.0,1123800.0,62276500.0,684859.0,30655400.0,81365.2,39.9,converged
merge,2097152,50,254692000.0,8826760.0,44040200.0,6.52146e-310,88080400.0,0.0,41.9,converged
heap,2097152,300,281105000.0,1180090.0,127968000.0,530.178,52654400.0,256.016,266.1,converged
quick,2965821,50,272555000.0,1116040.0,90579900.0,1157170.0,44331600.0,109228.0,50.8,converged
quicki,2965821,50,300561000.0,8778210.0,89910600.0,1011560.0,44402700.0,113851.0,53.4,converged
bfs,2965821,50,325285000.0,11421800.0,90457400.0,1106770.0,44335500.0,362094.0,55.8,converged
merge,2965821,50,371353000.0,11277800.0,64019600.0,6.42152e-310,128039000.0,0.0,61.0,converged
heap,2965821,54,443362000.0,1641220.0,185714000.0,1322.34,76044500.0,730.97,73.4,converged
quick,4194304,94,393828000.0,4553000.0,130755000.0,1463680.0,64163600.0,110256.0,137.3,converged
quicki,4194304,50,435749000.0,14708100.0,130988000.0,1829630.0,64200900.0,178041.0,76.7,converged
bfs,4194304,50,469970000.0,9028890.0,131262000.0,5369250.0,64121900.0,161281.0,80.6,converged
merge,4194304,50,529107000.0,13079000.0,92274700.0,6.21502e-310,184549000.0,0.0,87.4,converged
heap,4194304,50,698977000.0,4557910.0,268520000.0,1758.71,109503000.0,851.675,103.8,converged
quick,5931642,74,565960000.0,1466430.0,189234000.0,2159280.0,92798700.0,317540.0,156.0,converged
quicki,5931642,53,623667000.0,14402700.0,188673000.0,2114340.0,92897500.0,215671.0,117.6,converged
bfs,5931642,50,677237000.0,9935530.0,189115000.0,2051810.0,92828700.0,304246.0,116.4,converged
merge,5931642,50,774882000.0,18559700.0,133971000.0,6.94315e-310,267942000.0,0.0,127.0,converged
heap,5931642,63,1037410000.0,16047000.0,389225000.0,1940.18,158021000.0,821.203,191.9,converged
quick,8388608,50,820480000.0,13600600.0,273197000.0,3693340.0,134134000.0,276322.0,151.7,converged
quicki,8388608,50,894010000.0,13342600.0,272504000.0,4133780.0,134204000.0,328610.0,159.2,converged
bfs,8388608,50,974523000.0,12162000.0,272459000.0,2953280.0,134183000.0,390205.0,167.3,converged
merge,8388608,50,1103450000.0,16538600.0,192938000.0,6.37887e-310,385876000.0,0.0,181.5,converged
heap,8388608,50,1530310000.0,19864400.0,562205000.0,1887.63,227395000.0,1127.0,223.1,converged
min,128,50,8186.56,85.7614,8255.0,6.26782e-310,366.54,2.09477,0.3,"converged, extended"
min,1024,125,241437.0,1499.72,524799.0,6.7351e-310,3049.44,2.64896,1.1,"converged, extended"
min,8192,73,12432400.0,61080.7,33558500.0,6.10366e-310,24544.2,4.69767,2.0,"converged, extended"
min,65536,50,768897000.0,7388500.0,2147520000.0,6.57426e-310,196574.0,4.86319,77.5,"converged, extended"
bubble,128,58,19536.6,49.7564,8060.93,37.5941,12201.1,442.906,0.4,"converged, extended"
bubble,1024,50,813262.0,5310.84,523022.0,433.378,786176.0,9055.7,0.4,"converged, extended"
bubble,8192,50,59717000.0,301535.0,33543700.0,3673.86,50412600.0,206919.0,6.1,"converged, extended"
bubble,65536,200,5546540000.0,4785280.0,2147390000.0,17117.3,3220750000.0,2068750.0,1109.7,"converged, extended"
shaker,128,103,16392.6,122.674,6413.44,10.4116,12194.6,23.797,0.6,"converged, extended"
shaker,1024,172,691686.0,3236.02,398031.0,1169.16,785730.0,2543.54,1.0,"converged, extended"
shaker,8192,102,50009500.0,121299.0,25250800.0,71580.1,50321700.0,148059.0,5.2,"converged, extended"
shaker,65536,50,4342570000.0,19489300.0,1611810000.0,2177590.0,3219880000.0,4414880.0,217.2,"converged, extended"
insertion,1024,100,199190.0,1086.54,262972.0,571.142,262972.0,571.142,0.7,"converged, extended"
insertion,8192,50,12391900.0,108092.0,16783800.0,78767.2,16783800.0,78767.2,0.7,"converged, extended"
insertion,65536,50,786852000.0,9593690.0,1073370000.0,1611450.0,1073370000.0,1611450.0,39.4,"converged, extended"
binsert,1024,100,95810.6,559.811,8826.39,0.838441,263015.0,393.482,0.7,"converged, extended"
binsert,8192,128,2850520.0,12290.8,95145.4,11.3827,16781900.0,41842.0,0.5,"converged, extended"
binsert,65536,55,151383000.0,7481670.0,957708.0,55.5569,1073310000.0,1369330.0,8.4,"converged, extended"
shell,8192,130,1212990.0,4215.78,468585.0,113.609,887452.0,113.609,0.6,"converged, extended"
shell,65536,106,13343200.0,167675.0,5230260.0,1349.21,9938400.0,1349.21,1.6,"converged, extended"
shell,524288,50,134182000.0,416464.0,53300700.0,33440.1,101352000.0,33440.1,7.0,"converged, extended"
shell,8388608,50,2643420000.0,19694000.0,980783000.0,1336950.0,1815270000.0,1336950.0,135.3,"converged, extended"
